anon_polygon_id,date,primary_ndvi_pred
AOI-0001,2010-08-29,0.214119
AOI-0001,2010-10-25,0.018201
AOI-0001,2011-06-13,0.051525
AOI-0001,2011-09-18,0.042685
AOI-0001,2011-09-26,0.051294
AOI-0001,2011-09-30,0.375496
AOI-0001,2012-05-24,0.359295
AOI-0001,2012-07-09,0.079605
AOI-0001,2012-07-11,0.401416
AOI-0001,2012-08-10,0.109544
AOI-0001,2012-08-12,0.308117
AOI-0001,2012-10-15,0.246017
AOI-0001,2013-05-01,0.192304
AOI-0001,2013-07-12,0.331747
AOI-0001,2013-09-30,0.421411
AOI-0001,2014-04-18,0.030876
AOI-0001,2014-05-25,0.313682
AOI-0001,2014-06-26,0.442088
AOI-0001,2014-07-15,0.237374
AOI-0001,2014-07-28,0.365092
AOI-0001,2014-08-09,0.135154
AOI-0001,2014-08-13,0.213205
AOI-0001,2014-10-03,0.047531
AOI-0001,2014-10-16,0.265215
AOI-0001,2015-04-13,0.03212
AOI-0001,2015-08-11,0.042677
AOI-0001,2015-08-12,0.03229
AOI-0001,2015-08-27,0.048153
AOI-0001,2015-09-20,0.03142
AOI-0001,2015-09-28,0.033432
AOI-0001,2016-06-27,0.074413
AOI-0001,2016-07-04,0.090461
AOI-0001,2016-07-20,0.057794
AOI-0001,2016-07-27,0.249837
AOI-0001,2016-08-29,0.110036
AOI-0001,2016-08-30,0.043216
AOI-0001,2016-09-15,0.058616
AOI-0001,2016-09-29,0.332173
AOI-0001,2017-05-12,0.081806
AOI-0001,2017-06-29,0.07902
AOI-0001,2017-07-12,0.417639
AOI-0001,2017-08-09,0.040076
AOI-0001,2017-08-29,0.204334
AOI-0001,2017-09-08,0.029453
AOI-0001,2017-09-14,0.226029
AOI-0001,2018-04-05,0.059593
AOI-0001,2018-04-23,0.722386
AOI-0001,2018-05-01,0.182339
AOI-0001,2018-06-08,0.101371
AOI-0001,2018-07-12,0.268005
AOI-0001,2018-09-28,0.049145
AOI-0001,2018-10-13,0.03675
AOI-0001,2019-05-11,0.144367
AOI-0001,2019-05-31,0.157635
AOI-0001,2019-06-04,0.074878
AOI-0001,2019-06-05,0.088367
AOI-0001,2019-06-25,0.04709
AOI-0001,2019-07-12,0.393597
AOI-0001,2019-07-22,0.052304
AOI-0001,2019-07-29,0.064913
AOI-0001,2019-08-30,0.028672
AOI-0001,2019-09-07,0.02808
AOI-0001,2019-09-08,0.028656
AOI-0001,2019-09-18,0.021878
AOI-0001,2020-04-03,0.052406
AOI-0001,2020-04-26,0.09512
AOI-0001,2020-05-30,0.092886
AOI-0001,2020-06-09,0.530854
AOI-0001,2020-07-14,0.021191
AOI-0001,2020-07-23,0.018016
AOI-0001,2020-07-27,0.238634
AOI-0001,2020-08-08,0.030157
AOI-0001,2020-09-01,0.042298
AOI-0001,2020-09-02,0.041681
AOI-0001,2020-09-12,0.039295
AOI-0001,2020-09-22,0.030013
AOI-0001,2020-09-29,0.180849
AOI-0001,2020-10-11,0.026938
AOI-0001,2020-10-12,0.0265
AOI-0001,2020-10-19,0.033117
AOI-0001,2021-05-15,0.076828
AOI-0001,2021-05-20,0.057955
AOI-0001,2021-06-10,0.273342
AOI-0001,2021-07-02,0.1814
AOI-0001,2021-07-24,0.125965
AOI-0001,2021-09-17,0.032377
AOI-0001,2022-04-25,0.108211
AOI-0001,2022-06-03,0.096112
AOI-0001,2022-09-02,0.028189
AOI-0001,2022-09-30,0.193969
AOI-0001,2022-10-01,0.022893
AOI-0001,2022-10-17,0.028614
AOI-0001,2023-05-25,0.650224
AOI-0001,2023-06-23,0.092102
AOI-0001,2023-07-15,0.031411
AOI-0001,2023-07-29,0.038727
AOI-0001,2023-08-03,0.029466
AOI-0001,2023-08-08,0.036876
AOI-0001,2023-08-13,0.186321
AOI-0001,2023-08-17,0.024002
AOI-0001,2023-08-28,0.073552
AOI-0001,2023-08-29,0.227891
AOI-0001,2023-09-12,0.021609
AOI-0001,2024-04-06,0.638964
AOI-0001,2024-05-24,0.474449
AOI-0001,2024-06-01,0.105905
AOI-0001,2024-06-03,0.072041
AOI-0001,2024-06-09,0.464698
AOI-0001,2024-06-13,0.040338
AOI-0001,2024-06-17,0.045159
AOI-0001,2024-06-23,0.075989
AOI-0001,2024-06-25,0.418196
AOI-0001,2024-07-03,0.070877
AOI-0001,2024-09-11,0.022337
AOI-0001,2024-09-13,0.197021
AOI-0001,2024-09-16,0.022503
AOI-0001,2024-09-29,0.197044
AOI-0001,2025-04-23,0.340396
AOI-0001,2025-05-03,0.014333
AOI-0001,2025-06-03,0.045726
AOI-0001,2025-06-27,0.087873
AOI-0001,2025-07-05,0.061377
AOI-0001,2025-07-12,0.347483
AOI-0001,2025-07-13,0.089045
AOI-0001,2025-07-23,0.059434
AOI-0001,2025-07-28,0.30846
AOI-0001,2025-07-29,0.094407
AOI-0001,2025-08-02,0.05478
AOI-0001,2025-10-28,0.023184
AOI-0002,2025-05-03,0.317597
AOI-0002,2025-06-03,0.310696
AOI-0002,2025-06-26,0.438543
AOI-0002,2025-07-29,0.073055
AOI-0002,2025-08-02,0.069852
AOI-0002,2025-08-13,0.211113
AOI-0002,2025-08-19,0.084814
AOI-0003,2025-04-01,0.205637
AOI-0003,2025-04-18,0.304899
AOI-0003,2025-04-19,0.249398
AOI-0003,2025-05-06,0.34293
AOI-0003,2025-06-04,0.309308
AOI-0003,2025-06-13,0.358446
AOI-0003,2025-07-07,0.069311
AOI-0003,2025-07-13,0.086065
AOI-0003,2025-07-15,0.083346
AOI-0003,2025-08-04,0.079085
AOI-0003,2025-08-07,0.077539
AOI-0003,2025-08-14,0.08863
AOI-0003,2025-08-22,0.084939
AOI-0003,2025-08-23,0.078922
AOI-0004,2025-04-23,0.44466
AOI-0004,2025-05-04,0.134566
AOI-0004,2025-05-24,0.114818
AOI-0004,2025-05-25,0.551123
AOI-0004,2025-06-30,0.176604
AOI-0004,2025-07-12,0.451541
AOI-0004,2025-07-23,0.123372
AOI-0004,2025-08-02,0.177262
AOI-0004,2025-09-14,0.30737
AOI-0004,2025-09-23,0.145174
AOI-0005,2025-05-01,0.360373
AOI-0005,2025-05-03,0.3464
AOI-0005,2025-05-14,0.435598
AOI-0005,2025-06-11,0.468521
AOI-0005,2025-07-21,0.269839
AOI-0005,2025-08-17,0.296391
AOI-0005,2025-09-01,0.175413
AOI-0006,2025-04-01,0.02052
AOI-0006,2025-05-09,0.378377
AOI-0006,2025-05-25,0.39054
AOI-0006,2025-07-28,0.390896
AOI-0006,2025-08-09,0.026178
AOI-0006,2025-08-22,0.084193
AOI-0006,2025-08-30,0.025594
AOI-0006,2025-09-07,0.006246
AOI-0006,2025-10-28,0.037088
AOI-0007,2025-04-01,0.117956
AOI-0007,2025-04-18,0.053583
AOI-0007,2025-04-29,0.105942
AOI-0007,2025-05-01,0.114659
AOI-0007,2025-06-26,0.269222
AOI-0007,2025-07-28,0.271416
AOI-0007,2025-08-13,0.217294
AOI-0007,2025-08-14,0.090371
AOI-0007,2025-08-16,0.09093
AOI-0007,2025-09-11,0.077703
AOI-0007,2025-09-26,0.07283
AOI-0008,2025-04-17,0.223393
AOI-0008,2025-04-24,0.258503
AOI-0008,2025-05-19,0.382852
AOI-0008,2025-07-08,0.069682
AOI-0008,2025-07-15,0.082399
AOI-0008,2025-07-17,0.092159
AOI-0008,2025-08-13,0.224011
AOI-0008,2025-09-01,0.085251
AOI-0008,2025-09-30,0.234193
AOI-0008,2025-10-16,0.144077
AOI-0009,2025-04-01,0.211103
AOI-0009,2025-04-23,0.821594
AOI-0009,2025-05-04,0.273392
AOI-0009,2025-06-30,0.119241
AOI-0009,2025-07-05,0.109985
AOI-0009,2025-07-10,0.077896
AOI-0009,2025-07-25,0.072094
AOI-0009,2025-08-12,0.091111
AOI-0009,2025-08-17,0.077489
AOI-0009,2025-08-22,0.07777
AOI-0009,2025-08-24,0.084363
AOI-0009,2025-09-14,0.213458
AOI-0009,2025-09-16,0.075138
AOI-0009,2025-09-25,0.077052
AOI-0009,2025-10-03,0.071836
AOI-0010,2010-06-19,0.069803
AOI-0010,2010-08-06,0.03693
AOI-0010,2010-08-22,0.016605
AOI-0010,2011-06-14,0.090168
AOI-0010,2011-07-12,0.285513
AOI-0010,2011-08-09,0.085521
AOI-0010,2011-08-13,0.166189
AOI-0010,2011-09-10,0.022209
AOI-0010,2012-04-13,0.025104
AOI-0010,2012-08-03,0.021853
AOI-0010,2013-04-16,0.043948
AOI-0010,2013-05-25,0.604154
AOI-0010,2013-06-26,0.245961
AOI-0010,2013-07-12,0.256492
AOI-0010,2014-05-29,0.0
AOI-0010,2014-06-06,0.118793
AOI-0010,2014-06-10,0.510774
AOI-0010,2014-08-29,0.159292
AOI-0010,2014-09-30,0.200844
AOI-0010,2015-04-07,0.275423
AOI-0010,2015-04-14,0.022749
AOI-0010,2015-05-25,0.276822
AOI-0010,2015-10-07,0.011355
AOI-0010,2016-07-27,0.262524
AOI-0010,2016-08-12,0.233587
AOI-0010,2016-09-13,0.259686
AOI-0010,2017-04-03,0.024459
AOI-0010,2017-04-07,0.376612
AOI-0010,2017-08-01,0.018616
AOI-0010,2017-08-04,0.023973
AOI-0010,2017-08-13,0.159254
AOI-0010,2017-08-29,0.168117
AOI-0010,2018-05-16,0.066494
AOI-0010,2018-07-28,0.218694
AOI-0010,2018-08-28,0.052329
AOI-0010,2018-09-14,0.212076
AOI-0010,2019-04-06,0.029718
AOI-0010,2019-04-28,0.019312
AOI-0010,2019-05-19,0.089203
AOI-0010,2019-06-20,0.047497
AOI-0010,2019-06-26,0.25752
AOI-0010,2019-06-27,0.036531
AOI-0010,2019-07-20,0.018295
AOI-0010,2019-08-13,0.176581
AOI-0010,2019-08-19,0.028015
AOI-0010,2019-08-21,0.02764
AOI-0010,2019-09-23,0.032756
AOI-0010,2020-06-06,0.06927
AOI-0010,2020-06-09,0.356483
AOI-0010,2020-07-16,0.045768
AOI-0010,2020-07-19,0.02792
AOI-0010,2020-07-26,0.02791
AOI-0010,2020-07-31,0.028458
AOI-0010,2020-09-09,0.018875
AOI-0010,2020-09-13,0.203347
AOI-0010,2020-09-19,0.02471
AOI-0010,2020-09-27,0.024607
AOI-0010,2021-05-05,0.04589
AOI-0010,2021-05-09,0.348567
AOI-0010,2021-07-28,0.224558
AOI-0010,2021-08-05,0.037526
AOI-0010,2021-09-04,0.068979
AOI-0010,2021-09-17,0.061991
AOI-0010,2021-10-27,0.05302
AOI-0010,2022-06-06,0.075426
AOI-0010,2022-06-10,0.586076
AOI-0010,2022-06-11,0.085476
AOI-0010,2022-07-17,0.028469
AOI-0010,2022-07-28,0.232456
AOI-0010,2022-09-08,0.047917
AOI-0010,2023-04-02,0.05749
AOI-0010,2023-04-27,0.033706
AOI-0010,2023-06-08,0.116316
AOI-0010,2023-06-16,0.072125
AOI-0010,2023-08-23,0.057057
AOI-0010,2023-08-30,0.111017
AOI-0010,2023-09-19,0.040975
AOI-0010,2024-04-04,0.053441
AOI-0010,2024-04-26,0.096962
AOI-0010,2024-05-08,0.589077
AOI-0010,2024-05-21,0.087133
AOI-0010,2024-06-18,0.05063
AOI-0010,2024-06-20,0.06977
AOI-0010,2024-07-08,0.025913
AOI-0010,2024-07-15,0.020475
AOI-0010,2024-08-12,0.159637
AOI-0010,2024-09-06,0.029827
AOI-0010,2024-09-28,0.098595
AOI-0010,2024-10-01,0.074543
AOI-0010,2024-10-15,0.12696
AOI-0010,2024-10-23,0.018574
AOI-0010,2025-04-16,0.024632
AOI-0010,2025-04-18,0.030772
AOI-0010,2025-05-09,0.591747
AOI-0010,2025-06-05,0.046005
AOI-0010,2025-06-07,0.067482
AOI-0010,2025-06-28,0.011032
AOI-0010,2025-07-05,0.051894
AOI-0010,2025-07-06,0.023631
AOI-0010,2025-07-07,0.040296
AOI-0010,2025-07-25,0.028726
AOI-0010,2025-07-30,0.018615
AOI-0010,2025-08-16,0.024464
AOI-0010,2025-08-27,0.024325
AOI-0010,2025-09-16,0.029248
AOI-0010,2025-09-30,0.253247
AOI-0010,2025-10-05,0.029907
AOI-0011,2025-04-07,0.673519
AOI-0011,2025-04-17,0.246213
AOI-0011,2025-04-23,0.835481
AOI-0011,2025-04-28,0.253967
AOI-0011,2025-05-24,0.283022
AOI-0011,2025-06-03,0.262462
AOI-0011,2025-07-12,0.298856
AOI-0011,2025-08-06,0.079867
AOI-0011,2025-08-14,0.106089
AOI-0011,2025-08-19,0.085915
AOI-0011,2025-08-27,0.082695
AOI-0011,2025-09-30,0.238021
AOI-0011,2025-10-03,0.075065
AOI-0011,2025-10-05,0.073796
AOI-0012,2025-04-01,0.166924
AOI-0012,2025-04-28,0.290331
AOI-0012,2025-05-16,0.412244
AOI-0012,2025-06-03,0.450856
AOI-0012,2025-06-05,0.392898
AOI-0012,2025-06-15,0.202222
AOI-0012,2025-06-26,0.33715
AOI-0012,2025-07-10,0.139305
AOI-0012,2025-07-18,0.151665
AOI-0012,2025-07-30,0.138377
AOI-0013,2010-04-16,0.501764
AOI-0013,2010-06-10,0.722954
AOI-0013,2010-06-19,0.491229
AOI-0013,2010-10-24,0.27111
AOI-0013,2011-04-18,0.291215
AOI-0013,2011-04-26,0.3515
AOI-0013,2012-05-08,0.637336
AOI-0013,2012-06-23,0.517991
AOI-0013,2012-08-12,0.543173
AOI-0013,2013-04-16,0.341345
AOI-0013,2013-04-24,0.389863
AOI-0013,2013-05-02,0.389619
AOI-0013,2013-05-09,0.622244
AOI-0013,2013-06-11,0.487071
AOI-0013,2013-07-12,0.715523
AOI-0013,2013-07-28,0.677236
AOI-0013,2014-05-29,0.412681
AOI-0013,2014-06-10,0.68802
AOI-0013,2014-07-28,0.558628
AOI-0013,2014-08-01,0.346557
AOI-0013,2014-08-08,0.33808
AOI-0013,2014-08-13,0.500328
AOI-0013,2015-05-09,0.667884
AOI-0013,2015-05-23,0.486108
AOI-0013,2015-07-12,0.759266
AOI-0013,2015-08-20,0.352617
AOI-0013,2015-10-07,0.326124
AOI-0013,2015-10-16,0.474377
AOI-0013,2016-05-09,0.436483
AOI-0013,2016-05-10,0.419391
AOI-0013,2016-08-12,0.604204
AOI-0013,2016-08-21,0.504866
AOI-0013,2016-09-13,0.627588
AOI-0013,2016-10-09,0.453293
AOI-0013,2017-04-11,0.322957
AOI-0013,2017-04-28,0.383769
AOI-0013,2017-05-01,0.396421
AOI-0013,2017-05-21,0.557418
AOI-0013,2017-05-29,0.520435
AOI-0013,2017-06-30,0.517552
AOI-0013,2017-07-27,0.48483
AOI-0013,2017-08-08,0.457782
AOI-0013,2017-08-24,0.373575
AOI-0013,2017-09-13,0.45521
AOI-0013,2017-09-17,0.418597
AOI-0013,2017-09-30,0.572224
AOI-0013,2018-05-25,0.540324
AOI-0013,2018-06-08,0.406961
AOI-0013,2018-06-15,0.453236
AOI-0013,2018-07-12,0.531145
AOI-0013,2018-08-13,0.531898
AOI-0013,2018-08-27,0.391864
AOI-0013,2018-09-28,0.434213
AOI-0013,2018-10-06,0.389242
AOI-0013,2019-04-01,0.28755
AOI-0013,2019-05-06,0.428938
AOI-0013,2019-06-02,0.429019
AOI-0013,2019-06-05,0.448366
AOI-0013,2019-06-12,0.474456
AOI-0013,2019-06-25,0.481799
AOI-0013,2019-07-17,0.505227
AOI-0013,2019-07-28,0.670074
AOI-0013,2019-08-24,0.446567
AOI-0013,2019-08-31,0.466759
AOI-0013,2019-09-08,0.477018
AOI-0013,2019-09-13,0.471162
AOI-0013,2019-10-02,0.452425
AOI-0013,2019-10-10,0.452459
AOI-0013,2019-10-17,0.458315
AOI-0013,2020-04-22,0.558097
AOI-0013,2020-05-12,0.42418
AOI-0013,2020-06-24,0.49972
AOI-0013,2020-06-26,0.483591
AOI-0013,2020-08-12,0.458978
AOI-0013,2020-08-15,0.352723
AOI-0013,2020-08-16,0.352586
AOI-0013,2020-08-20,0.362163
AOI-0013,2020-10-27,0.346783
AOI-0013,2021-04-23,0.489852
AOI-0013,2021-06-10,0.795181
AOI-0013,2021-06-11,0.514548
AOI-0013,2021-06-21,0.504292
AOI-0013,2021-07-12,0.740823
AOI-0013,2021-07-14,0.52824
AOI-0013,2021-08-20,0.469574
AOI-0013,2021-10-14,0.388714
AOI-0013,2021-10-16,0.477921
AOI-0013,2022-04-02,0.467071
AOI-0013,2022-04-17,0.515027
AOI-0013,2022-04-24,0.540167
AOI-0013,2022-04-25,0.51415
AOI-0013,2022-06-10,0.699852
AOI-0013,2022-06-16,0.421532
AOI-0013,2022-06-26,0.715066
AOI-0013,2022-07-05,0.480579
AOI-0013,2022-07-17,0.541637
AOI-0013,2022-07-22,0.496506
AOI-0013,2022-08-14,0.47378
AOI-0013,2022-09-14,0.627688
AOI-0013,2022-10-07,0.376705
AOI-0013,2022-10-14,0.4223
AOI-0013,2023-04-10,0.469895
AOI-0013,2023-06-21,0.573056
AOI-0013,2023-06-29,0.559028
AOI-0013,2023-07-06,0.501444
AOI-0013,2023-07-12,0.814299
AOI-0013,2023-07-24,0.509091
AOI-0013,2023-08-05,0.485647
AOI-0013,2023-08-20,0.495498
AOI-0013,2023-08-23,0.468691
AOI-0013,2023-08-26,0.454941
AOI-0013,2023-09-11,0.442164
AOI-0013,2023-09-14,0.663428
AOI-0013,2023-09-24,0.468372
AOI-0013,2023-10-05,0.422151
AOI-0013,2023-10-14,0.418445
AOI-0013,2023-10-17,0.414515
AOI-0013,2023-10-19,0.401062
AOI-0013,2024-04-26,0.441765
AOI-0013,2024-05-04,0.466753
AOI-0013,2024-05-23,0.457347
AOI-0013,2024-05-24,0.642804
AOI-0013,2024-06-30,0.552343
AOI-0013,2024-07-02,0.510216
AOI-0013,2024-07-11,0.797265
AOI-0013,2024-07-26,0.390928
AOI-0013,2024-07-27,0.576078
AOI-0013,2024-08-09,0.469337
AOI-0013,2024-08-11,0.476816
AOI-0013,2024-09-03,0.48213
AOI-0013,2024-09-06,0.471938
AOI-0013,2024-09-26,0.433418
AOI-0013,2024-10-08,0.40591
AOI-0013,2025-04-01,0.396303
AOI-0013,2025-04-28,0.505209
AOI-0013,2025-05-16,0.48646
AOI-0013,2025-05-19,0.494761
AOI-0013,2025-05-24,0.478932
AOI-0013,2025-07-07,0.539318
AOI-0013,2025-07-08,0.52118
AOI-0013,2025-07-14,0.533086
AOI-0013,2025-07-21,0.490499
AOI-0013,2025-07-27,0.536074
AOI-0013,2025-08-15,0.413843
AOI-0013,2025-09-03,0.429352
AOI-0013,2025-09-07,0.42595
AOI-0014,2010-04-07,0.483422
AOI-0014,2010-04-24,0.0
AOI-0014,2010-06-10,0.509763
AOI-0014,2010-09-23,0.01636
AOI-0014,2011-04-19,0.0
AOI-0014,2011-04-26,0.022949
AOI-0014,2011-05-09,0.485756
AOI-0014,2011-05-28,0.068807
AOI-0014,2011-06-14,0.017668
AOI-0014,2011-08-01,0.045984
AOI-0014,2011-09-14,0.195148
AOI-0014,2011-09-17,0.008147
AOI-0014,2011-10-27,0.002578
AOI-0014,2012-05-06,0.0
AOI-0014,2012-06-25,0.332427
AOI-0014,2012-08-28,0.236164
AOI-0014,2012-09-04,0.004432
AOI-0014,2012-09-11,0.048748
AOI-0014,2012-09-27,0.011657
AOI-0014,2013-05-09,0.42744
AOI-0014,2013-06-11,0.0
AOI-0014,2013-06-19,0.045505
AOI-0014,2013-07-28,0.424565
AOI-0014,2013-09-14,0.30739
AOI-0014,2013-09-23,0.01536
AOI-0014,2014-06-26,0.345284
AOI-0014,2014-06-29,0.026827
AOI-0014,2014-08-17,0.025797
AOI-0014,2014-09-30,0.236504
AOI-0014,2014-10-27,0.004527
AOI-0014,2015-04-14,0.022052
AOI-0014,2015-06-16,0.058799
AOI-0014,2015-06-26,0.318633
AOI-0014,2015-07-12,0.31737
AOI-0014,2015-07-27,0.018864
AOI-0014,2015-08-28,0.009719
AOI-0014,2016-04-22,0.368316
AOI-0014,2016-05-09,0.0
AOI-0014,2016-06-03,0.033188
AOI-0014,2016-06-19,0.06156
AOI-0014,2016-08-13,0.076185
AOI-0014,2016-08-30,0.045289
AOI-0014,2017-04-26,0.017123
AOI-0014,2017-04-28,0.140134
AOI-0014,2017-05-21,0.02458
AOI-0014,2017-05-29,0.026796
AOI-0014,2017-07-23,0.01866
AOI-0014,2017-07-31,0.010187
AOI-0014,2017-08-06,0.008006
AOI-0014,2017-08-21,0.005
AOI-0014,2017-09-10,0.003345
AOI-0014,2017-09-30,0.226454
AOI-0014,2017-10-08,0.007932
AOI-0014,2018-04-07,0.58985
AOI-0014,2018-05-03,0.009088
AOI-0014,2018-06-24,0.002422
AOI-0014,2018-07-18,0.042548
AOI-0014,2018-08-27,0.022236
AOI-0014,2018-10-06,0.00877
AOI-0014,2019-04-01,0.012596
AOI-0014,2019-04-21,0.005584
AOI-0014,2019-05-01,0.016088
AOI-0014,2019-05-09,0.305471
AOI-0014,2019-05-27,0.025903
AOI-0014,2019-05-28,0.049625
AOI-0014,2019-06-04,0.070944
AOI-0014,2019-06-11,0.0
AOI-0014,2019-06-15,0.025467
AOI-0014,2019-06-22,0.045458
AOI-0014,2019-07-06,0.062841
AOI-0014,2019-08-14,0.009415
AOI-0014,2019-08-26,0.015708
AOI-0014,2020-04-06,0.646606
AOI-0014,2020-04-07,0.055521
AOI-0014,2020-04-17,0.065526
AOI-0014,2020-04-22,0.661456
AOI-0014,2020-04-25,0.018648
AOI-0014,2020-05-15,0.058584
AOI-0014,2020-05-17,0.047096
AOI-0014,2020-06-04,0.047823
AOI-0014,2020-06-25,0.268631
AOI-0014,2020-07-11,0.233752
AOI-0014,2020-07-27,0.217134
AOI-0014,2020-08-16,0.019674
AOI-0014,2020-09-09,0.010924
AOI-0014,2020-09-24,0.020664
AOI-0014,2021-04-07,0.488664
AOI-0014,2021-04-29,0.01758
AOI-0014,2021-05-25,0.505332
AOI-0014,2021-08-13,0.167716
AOI-0014,2021-08-18,0.027917
AOI-0014,2021-09-14,0.186378
AOI-0014,2021-10-12,0.018993
AOI-0014,2021-10-14,0.011322
AOI-0014,2022-05-15,0.022109
AOI-0014,2022-05-26,0.011836
AOI-0014,2022-05-27,0.009881
AOI-0014,2022-06-24,0.008411
AOI-0014,2022-07-14,0.065636
AOI-0014,2022-07-24,0.11131
AOI-0014,2022-08-22,0.028233
AOI-0014,2022-08-29,0.193596
AOI-0014,2022-09-02,0.023718
AOI-0014,2022-09-08,0.011449
AOI-0014,2022-09-14,0.201031
AOI-0014,2023-06-07,0.041821
AOI-0014,2023-08-10,0.012736
AOI-0014,2024-04-04,0.029619
AOI-0014,2024-05-08,0.749205
AOI-0014,2024-05-09,0.126578
AOI-0014,2024-05-21,0.035292
AOI-0014,2024-05-23,0.038158
AOI-0014,2024-06-08,0.081076
AOI-0014,2024-07-25,0.017836
AOI-0014,2024-08-11,0.014071
AOI-0014,2024-09-01,0.016235
AOI-0014,2024-09-08,0.013388
AOI-0014,2024-09-11,0.017959
AOI-0014,2024-09-18,0.012896
AOI-0014,2024-09-29,0.183895
AOI-0014,2024-10-07,0.011056
AOI-0014,2024-10-30,0.005511
AOI-0014,2025-04-23,0.302661
AOI-0014,2025-05-01,0.007172
AOI-0014,2025-05-27,0.023751
AOI-0014,2025-06-13,0.02296
AOI-0014,2025-08-12,0.025377
AOI-0014,2025-08-15,0.01174
AOI-0014,2025-08-24,0.015552
AOI-0014,2025-09-11,0.009442
AOI-0014,2025-09-14,0.169137
AOI-0014,2025-09-23,0.018141
AOI-0014,2025-09-24,0.017649
AOI-0015,2025-05-04,0.347733
AOI-0015,2025-05-27,0.476537
AOI-0015,2025-06-07,0.434202
AOI-0015,2025-07-03,0.418598
AOI-0015,2025-07-05,0.429173
AOI-0015,2025-07-08,0.287441
AOI-0015,2025-07-13,0.317717
AOI-0015,2025-07-15,0.280549
AOI-0015,2025-07-18,0.268448
AOI-0015,2025-07-21,0.258293
AOI-0015,2025-07-23,0.249054
AOI-0015,2025-09-07,0.229455
AOI-0015,2025-10-13,0.262652
AOI-0015,2025-10-16,0.315994
AOI-0015,2025-10-18,0.289763
AOI-0016,2025-04-19,0.113036
AOI-0016,2025-05-25,0.356383
AOI-0016,2025-06-11,0.457298
AOI-0016,2025-06-26,0.801388
AOI-0016,2025-07-10,0.472017
AOI-0016,2025-07-17,0.568532
AOI-0016,2025-07-18,0.568294
AOI-0016,2025-08-19,0.30724
AOI-0016,2025-08-29,0.463372
AOI-0016,2025-10-17,0.115644
AOI-0017,2010-06-10,0.497461
AOI-0017,2010-07-29,0.133514
AOI-0017,2010-09-23,0.102638
AOI-0017,2011-04-18,0.088742
AOI-0017,2011-09-17,0.076724
AOI-0017,2011-09-26,0.059165
AOI-0017,2011-09-30,0.323256
AOI-0017,2011-10-11,0.121081
AOI-0017,2011-10-27,0.023914
AOI-0017,2012-07-18,0.053419
AOI-0017,2012-07-27,0.351711
AOI-0017,2012-08-28,0.234417
AOI-0017,2012-09-29,0.410317
AOI-0017,2013-05-25,0.518727
AOI-0017,2013-07-12,0.481492
AOI-0017,2013-08-14,0.157511
AOI-0017,2013-09-14,0.319002
AOI-0017,2013-09-30,0.279644
AOI-0017,2013-10-09,0.081467
AOI-0017,2013-10-25,0.055296
AOI-0017,2014-04-23,0.518373
AOI-0017,2014-06-06,0.09378
AOI-0017,2014-07-24,0.069538
AOI-0017,2014-10-04,0.070001
AOI-0017,2015-04-23,0.53566
AOI-0017,2015-04-30,0.177576
AOI-0017,2015-07-11,0.129909
AOI-0017,2015-07-27,0.117852
AOI-0017,2015-08-03,0.07316
AOI-0017,2015-08-29,0.290221
AOI-0017,2015-10-16,0.295278
AOI-0017,2016-04-06,0.515139
AOI-0017,2016-04-07,0.136822
AOI-0017,2016-06-18,0.072065
AOI-0017,2016-07-05,0.099459
AOI-0017,2016-07-27,0.375221
AOI-0017,2016-08-21,0.163115
AOI-0017,2016-09-15,0.068063
AOI-0017,2016-10-15,0.261729
AOI-0017,2016-10-17,0.086089
AOI-0017,2017-06-06,0.189232
AOI-0017,2017-07-31,0.16565
AOI-0017,2017-08-01,0.166041
AOI-0017,2017-09-02,0.154172
AOI-0017,2018-04-05,0.137709
AOI-0017,2018-05-09,0.568098
AOI-0017,2018-05-23,0.189853
AOI-0017,2018-06-20,0.130528
AOI-0017,2018-07-11,0.155407
AOI-0017,2018-07-12,0.465537
AOI-0017,2019-04-25,0.154779
AOI-0017,2019-04-28,0.103349
AOI-0017,2019-05-13,0.141103
AOI-0017,2019-05-18,0.177182
AOI-0017,2019-05-28,0.175202
AOI-0017,2019-06-04,0.12266
AOI-0017,2019-06-12,0.166422
AOI-0017,2019-06-17,0.147152
AOI-0017,2019-07-17,0.164263
AOI-0017,2019-08-06,0.228411
AOI-0017,2019-08-11,0.124402
AOI-0017,2019-08-24,0.154151
AOI-0017,2019-08-29,0.362081
AOI-0017,2019-08-31,0.207882
AOI-0017,2019-09-13,0.153555
AOI-0017,2020-04-25,0.125718
AOI-0017,2020-04-30,0.142265
AOI-0017,2020-05-08,0.514699
AOI-0017,2020-06-06,0.065118
AOI-0017,2020-06-26,0.117508
AOI-0017,2020-07-26,0.107367
AOI-0017,2020-08-18,0.164912
AOI-0017,2020-09-02,0.186031
AOI-0017,2020-09-04,0.145339
AOI-0017,2020-09-09,0.137271
AOI-0017,2020-09-10,0.136001
AOI-0017,2020-09-19,0.1626
AOI-0017,2020-10-12,0.113426
AOI-0017,2021-04-07,0.379567
AOI-0017,2021-05-20,0.121692
AOI-0017,2021-07-02,0.272886
AOI-0017,2021-08-29,0.401362
AOI-0017,2021-09-04,0.200542
AOI-0017,2021-09-27,0.151947
AOI-0017,2021-10-06,0.137884
AOI-0017,2021-10-27,0.198961
AOI-0017,2022-04-17,0.114502
AOI-0017,2022-04-23,0.647526
AOI-0017,2022-05-26,0.121314
AOI-0017,2022-05-27,0.129396
AOI-0017,2022-06-03,0.12637
AOI-0017,2022-06-11,0.103962
AOI-0017,2022-06-30,0.15143
AOI-0017,2022-07-12,0.529805
AOI-0017,2022-07-19,0.185538
AOI-0017,2022-07-24,0.191331
AOI-0017,2022-08-07,0.16861
AOI-0017,2022-08-14,0.21379
AOI-0017,2022-08-15,0.151655
AOI-0017,2022-08-23,0.17022
AOI-0017,2022-08-30,0.141957
AOI-0017,2022-09-17,0.160612
AOI-0017,2022-10-19,0.166527
AOI-0017,2023-04-02,0.190262
AOI-0017,2023-05-06,0.174728
AOI-0017,2023-06-11,0.185894
AOI-0017,2023-06-19,0.219836
AOI-0017,2023-06-22,0.154777
AOI-0017,2023-07-24,0.133984
AOI-0017,2023-09-19,0.150331
AOI-0017,2023-10-12,0.119817
AOI-0017,2023-10-16,0.28368
AOI-0017,2023-10-21,0.129473
AOI-0017,2024-04-04,0.122218
AOI-0017,2024-06-05,0.115947
AOI-0017,2024-06-13,0.105641
AOI-0017,2024-06-28,0.126391
AOI-0017,2024-07-19,0.077872
AOI-0017,2024-08-22,0.112458
AOI-0017,2024-09-01,0.095284
AOI-0017,2024-09-21,0.135429
AOI-0017,2024-09-29,0.233215
AOI-0017,2024-10-08,0.090401
AOI-0017,2024-10-22,0.07341
AOI-0017,2025-05-04,0.155941
AOI-0017,2025-05-27,0.142534
AOI-0017,2025-06-07,0.04249
AOI-0017,2025-06-28,0.118361
AOI-0017,2025-07-07,0.132827
AOI-0017,2025-08-23,0.082615
AOI-0017,2025-09-01,0.086454
AOI-0017,2025-10-02,0.163255
AOI-0018,2025-04-19,0.228112
AOI-0018,2025-05-27,0.306205
AOI-0018,2025-06-13,0.159158
AOI-0018,2025-06-15,0.241583
AOI-0018,2025-07-05,0.069934
AOI-0018,2025-07-07,0.118481
AOI-0018,2025-07-14,0.127986
AOI-0018,2025-07-21,0.07902
AOI-0018,2025-08-19,0.085606
AOI-0018,2025-08-27,0.084677
AOI-0018,2025-09-08,0.075756
AOI-0018,2025-09-24,0.076698
AOI-0018,2025-10-17,0.071982
AOI-0019,2025-04-14,0.223938
AOI-0019,2025-04-17,0.238382
AOI-0019,2025-04-28,0.306999
AOI-0019,2025-05-14,0.341348
AOI-0019,2025-05-25,0.688402
AOI-0019,2025-06-15,0.346841
AOI-0019,2025-06-27,0.354874
AOI-0019,2025-06-30,0.296316
AOI-0019,2025-07-10,0.226204
AOI-0019,2025-07-14,0.201735
AOI-0019,2025-08-14,0.2037
AOI-0019,2025-08-31,0.15708
AOI-0019,2025-09-15,0.168406
AOI-0019,2025-09-23,0.154929
AOI-0019,2025-09-24,0.151017
AOI-0019,2025-10-18,0.172181
AOI-0020,2025-04-18,0.114965
AOI-0020,2025-04-23,0.337341
AOI-0020,2025-05-03,0.172887
AOI-0020,2025-06-03,0.422068
AOI-0020,2025-06-11,0.237059
AOI-0020,2025-07-12,0.490203
AOI-0020,2025-07-21,0.16164
AOI-0020,2025-07-29,0.226909
AOI-0020,2025-07-30,0.187817
AOI-0020,2025-08-19,0.146261
AOI-0020,2025-10-13,0.133943
AOI-0021,2025-04-28,0.1988
AOI-0021,2025-05-27,0.248706
AOI-0021,2025-06-03,0.2968
AOI-0021,2025-07-06,0.16521
AOI-0021,2025-07-18,0.131404
AOI-0021,2025-07-29,0.150719
AOI-0021,2025-08-07,0.133602
AOI-0021,2025-08-22,0.149769
AOI-0021,2025-08-30,0.139183
AOI-0021,2025-09-15,0.134435
AOI-0021,2025-09-24,0.117752
AOI-0021,2025-10-03,0.147066
AOI-0022,2025-04-01,0.12723
AOI-0022,2025-05-03,0.098125
AOI-0022,2025-05-06,0.189513
AOI-0022,2025-05-25,0.6219
AOI-0022,2025-05-28,0.150382
AOI-0022,2025-07-08,0.019708
AOI-0022,2025-07-17,0.024353
AOI-0022,2025-07-21,0.027815
AOI-0022,2025-08-27,0.018909
AOI-0022,2025-08-31,0.024904
AOI-0022,2025-09-23,0.023351
AOI-0022,2025-09-24,0.02417
AOI-0022,2025-09-30,0.217148
AOI-0023,2025-04-16,0.128151
AOI-0023,2025-04-17,0.137407
AOI-0023,2025-04-24,0.143995
AOI-0023,2025-05-01,0.122337
AOI-0023,2025-05-04,0.115879
AOI-0023,2025-06-27,0.455668
AOI-0023,2025-07-05,0.577666
AOI-0023,2025-07-14,0.259496
AOI-0023,2025-07-15,0.191244
AOI-0023,2025-08-14,0.152389
AOI-0023,2025-08-22,0.140756
AOI-0023,2025-08-30,0.147507
AOI-0023,2025-09-21,0.136353
AOI-0023,2025-09-23,0.137639
AOI-0023,2025-10-17,0.116325
AOI-0024,2025-04-07,0.27158
AOI-0024,2025-04-23,0.345401
AOI-0024,2025-05-25,0.345553
AOI-0024,2025-05-28,0.164124
AOI-0024,2025-06-05,0.194922
AOI-0024,2025-07-03,0.447868
AOI-0024,2025-07-21,0.315392
AOI-0024,2025-07-25,0.209295
AOI-0024,2025-08-06,0.205359
AOI-0024,2025-08-09,0.223239
AOI-0024,2025-09-14,0.279756
AOI-0024,2025-09-21,0.151784
AOI-0024,2025-09-30,0.26525
AOI-0024,2025-10-02,0.170679
AOI-0024,2025-10-18,0.157665
AOI-0025,2025-04-14,0.212955
AOI-0025,2025-04-23,0.44506
AOI-0025,2025-04-24,0.27983
AOI-0025,2025-04-29,0.274329
AOI-0025,2025-05-09,0.481392
AOI-0025,2025-06-03,0.287651
AOI-0025,2025-06-13,0.281431
AOI-0025,2025-06-27,0.266057
AOI-0025,2025-07-21,0.234209
AOI-0025,2025-08-07,0.22521
AOI-0025,2025-08-30,0.195475
AOI-0025,2025-09-07,0.191246
AOI-0025,2025-09-14,0.306278
AOI-0025,2025-10-17,0.271515
AOI-0026,2025-04-07,0.59385
AOI-0026,2025-04-24,0.244001
AOI-0026,2025-05-09,0.926235
AOI-0026,2025-06-13,0.304947
AOI-0026,2025-07-08,0.138171
AOI-0026,2025-07-10,0.132372
AOI-0026,2025-07-12,0.363251
AOI-0026,2025-07-13,0.199547
AOI-0026,2025-07-18,0.1546
AOI-0026,2025-07-30,0.079622
AOI-0026,2025-08-19,0.11866
AOI-0026,2025-09-08,0.076577
AOI-0026,2025-09-23,0.083046
AOI-0026,2025-09-30,0.296765
AOI-0027,2025-04-16,0.344402
AOI-0027,2025-04-24,0.27097
AOI-0027,2025-06-13,0.331288
AOI-0027,2025-06-27,0.312813
AOI-0027,2025-07-05,0.267931
AOI-0027,2025-07-12,0.368202
AOI-0027,2025-07-13,0.184984
AOI-0027,2025-07-23,0.17031
AOI-0027,2025-07-29,0.159246
AOI-0027,2025-08-19,0.253057
AOI-0027,2025-08-30,0.151309
AOI-0027,2025-09-16,0.195217
AOI-0027,2025-10-16,0.379244
AOI-0028,2010-04-07,0.543213
AOI-0028,2010-04-15,0.012024
AOI-0028,2010-10-24,0.001639
AOI-0028,2011-05-25,0.323178
AOI-0028,2011-07-28,0.309872
AOI-0028,2011-08-08,0.035002
AOI-0028,2011-10-11,0.0
AOI-0028,2012-04-22,0.657117
AOI-0028,2012-09-27,0.003645
AOI-0028,2012-10-15,0.151213
AOI-0028,2013-04-07,0.287257
AOI-0028,2013-06-10,0.410101
AOI-0028,2013-06-26,0.262344
AOI-0028,2013-08-29,0.235925
AOI-0028,2014-04-07,0.48007
AOI-0028,2014-05-04,0.0
AOI-0028,2014-07-28,0.205341
AOI-0028,2014-10-11,0.010108
AOI-0028,2015-04-13,0.000568
AOI-0028,2015-08-27,0.013571
AOI-0028,2015-09-28,0.010953
AOI-0028,2016-04-07,0.089812
AOI-0028,2016-04-23,0.074133
AOI-0028,2016-06-09,0.494887
AOI-0028,2016-06-10,0.259541
AOI-0028,2016-06-25,0.338276
AOI-0028,2016-07-27,0.199634
AOI-0028,2016-09-06,0.022118
AOI-0028,2017-04-26,0.007399
AOI-0028,2017-07-23,0.011428
AOI-0028,2017-08-09,0.004451
AOI-0028,2017-08-13,0.138916
AOI-0028,2017-08-29,0.169544
AOI-0028,2017-09-17,0.007411
AOI-0028,2018-05-11,0.0
AOI-0028,2018-08-19,0.058391
AOI-0028,2018-08-29,0.157434
AOI-0028,2018-09-12,0.017496
AOI-0028,2018-10-08,0.008809
AOI-0028,2019-04-06,0.010459
AOI-0028,2019-05-02,0.009786
AOI-0028,2019-05-25,0.2584
AOI-0028,2019-06-27,0.045857
AOI-0028,2019-08-09,0.015565
AOI-0028,2019-08-24,0.0326
AOI-0028,2019-10-17,0.010483
AOI-0028,2020-04-25,0.041002
AOI-0028,2020-05-04,0.065831
AOI-0028,2020-05-08,0.550597
AOI-0028,2020-05-30,0.081859
AOI-0028,2020-07-14,0.012861
AOI-0028,2020-08-03,0.027616
AOI-0028,2020-08-08,0.02881
AOI-0028,2020-09-02,0.017123
AOI-0028,2020-09-13,0.189164
AOI-0028,2021-06-14,0.121159
AOI-0028,2021-06-16,0.159541
AOI-0028,2021-06-24,0.137352
AOI-0028,2021-06-26,0.516991
AOI-0028,2021-07-24,0.064248
AOI-0028,2021-10-27,0.035259
AOI-0028,2022-04-07,0.52336
AOI-0028,2022-04-23,0.681453
AOI-0028,2022-06-09,0.200984
AOI-0028,2022-06-29,0.05654
AOI-0028,2022-07-28,0.22073
AOI-0028,2022-08-03,0.031354
AOI-0028,2022-08-08,0.041016
AOI-0028,2022-08-30,0.018278
AOI-0028,2022-10-01,0.011951
AOI-0028,2023-04-07,0.344678
AOI-0028,2023-04-11,0.017955
AOI-0028,2023-05-05,0.094043
AOI-0028,2023-05-09,0.359088
AOI-0028,2023-06-09,0.045891
AOI-0028,2023-08-06,0.011976
AOI-0028,2023-08-23,0.028779
AOI-0028,2023-08-29,0.183557
AOI-0028,2023-09-22,0.029592
AOI-0028,2023-09-24,0.03146
AOI-0028,2023-09-30,0.185446
AOI-0028,2024-05-07,0.0
AOI-0028,2024-05-23,0.053305
AOI-0028,2024-05-24,0.620105
AOI-0028,2024-07-27,0.211861
AOI-0028,2024-08-03,0.059379
AOI-0028,2024-08-12,0.153212
AOI-0028,2024-09-11,0.010424
AOI-0028,2024-09-16,0.013489
AOI-0028,2025-04-07,0.288247
AOI-0028,2025-05-24,0.029722
AOI-0028,2025-05-31,0.046171
AOI-0028,2025-06-11,0.020894
AOI-0028,2025-06-26,0.470678
AOI-0028,2025-06-27,0.102859
AOI-0028,2025-07-10,0.032281
AOI-0028,2025-07-13,0.01202
AOI-0028,2025-07-23,0.014964
AOI-0028,2025-08-13,0.142753
AOI-0028,2025-09-08,0.009118
AOI-0028,2025-09-11,0.009679
AOI-0028,2025-10-16,0.049578
AOI-0028,2025-10-28,0.028459
AOI-0029,2025-04-04,0.275161
AOI-0029,2025-04-24,0.276223
AOI-0029,2025-06-08,0.355835
AOI-0029,2025-06-10,0.817378
AOI-0029,2025-06-11,0.482558
AOI-0029,2025-06-13,0.407289
AOI-0029,2025-07-29,0.075183
AOI-0029,2025-08-02,0.076909
AOI-0029,2025-08-19,0.086215
AOI-0029,2025-09-11,0.07045
AOI-0029,2025-09-16,0.076773
AOI-0030,2025-04-21,0.463528
AOI-0030,2025-04-24,0.454041
AOI-0030,2025-06-10,0.836493
AOI-0030,2025-08-07,0.525078
AOI-0031,2010-06-04,0.065558
AOI-0031,2010-09-14,0.221791
AOI-0031,2011-04-23,0.373456
AOI-0031,2011-06-10,0.313974
AOI-0031,2011-07-09,0.010241
AOI-0031,2011-08-11,0.005915
AOI-0031,2011-08-18,0.019684
AOI-0031,2011-08-19,0.012408
AOI-0031,2011-09-19,0.011034
AOI-0031,2012-04-06,0.262104
AOI-0031,2012-04-15,0.013779
AOI-0031,2013-04-07,0.39066
AOI-0031,2013-05-09,0.360323
AOI-0031,2013-05-12,0.025511
AOI-0031,2013-05-25,0.236879
AOI-0031,2013-06-12,0.0
AOI-0031,2013-06-28,0.0
AOI-0031,2013-07-23,0.001593
AOI-0031,2013-08-13,0.151267
AOI-0031,2013-10-16,0.157467
AOI-0031,2014-05-23,0.014731
AOI-0031,2014-06-23,0.022595
AOI-0031,2014-07-17,0.007526
AOI-0031,2014-07-28,0.203711
AOI-0031,2014-08-02,0.066232
AOI-0031,2014-08-13,0.155243
AOI-0031,2014-10-14,0.013507
AOI-0031,2015-09-22,0.032756
AOI-0031,2015-10-16,0.190015
AOI-0031,2016-04-01,0.014687
AOI-0031,2016-04-17,0.033333
AOI-0031,2016-04-22,0.48718
AOI-0031,2016-05-03,0.064573
AOI-0031,2016-05-24,0.325514
AOI-0031,2016-06-09,0.407996
AOI-0031,2016-06-12,0.04463
AOI-0031,2016-06-20,0.043702
AOI-0031,2016-06-25,0.316665
AOI-0031,2016-07-30,0.010405
AOI-0031,2017-05-06,0.039703
AOI-0031,2017-06-07,0.245076
AOI-0031,2017-08-03,0.014553
AOI-0031,2017-08-13,0.152217
AOI-0031,2017-09-04,0.01528
AOI-0031,2017-09-22,0.008835
AOI-0031,2018-04-23,0.622421
AOI-0031,2018-05-02,0.072996
AOI-0031,2018-05-18,0.111807
AOI-0031,2018-06-03,0.011894
AOI-0031,2018-06-10,0.277085
AOI-0031,2018-06-11,0.008231
AOI-0031,2018-07-13,0.059049
AOI-0031,2018-09-06,0.021964
AOI-0031,2018-09-14,0.235782
AOI-0031,2018-10-07,0.01225
AOI-0031,2018-10-12,0.015261
AOI-0031,2019-04-10,0.077736
AOI-0031,2019-06-14,0.022479
AOI-0031,2019-06-22,0.012403
AOI-0031,2019-07-09,0.015213
AOI-0031,2019-07-23,0.02474
AOI-0031,2019-08-08,0.078362
AOI-0031,2019-08-31,0.026704
AOI-0031,2019-09-17,0.027426
AOI-0031,2019-10-03,0.019433
AOI-0031,2019-10-10,0.075041
AOI-0031,2019-10-12,0.090373
AOI-0031,2019-10-22,0.05438
AOI-0031,2020-04-13,0.018504
AOI-0031,2020-06-01,0.04675
AOI-0031,2020-06-06,0.063969
AOI-0031,2020-07-11,0.20693
AOI-0031,2020-07-18,0.02045
AOI-0031,2020-07-28,0.025525
AOI-0031,2020-08-07,0.036539
AOI-0031,2020-08-17,0.027133
AOI-0031,2020-08-22,0.021029
AOI-0031,2020-09-27,0.017556
AOI-0031,2020-10-13,0.017552
AOI-0031,2020-10-19,0.013193
AOI-0031,2020-10-21,0.011632
AOI-0031,2021-04-07,0.217581
AOI-0031,2021-05-17,0.070072
AOI-0031,2021-06-11,0.031612
AOI-0031,2021-07-01,0.039681
AOI-0031,2021-07-16,0.024146
AOI-0031,2021-07-21,0.004248
AOI-0031,2021-08-06,0.020838
AOI-0031,2021-08-25,0.019653
AOI-0031,2021-08-30,0.023474
AOI-0031,2022-05-14,0.054126
AOI-0031,2022-06-10,0.657857
AOI-0031,2022-06-11,0.17168
AOI-0031,2022-06-20,0.069045
AOI-0031,2022-06-21,0.093741
AOI-0031,2022-07-08,0.033019
AOI-0031,2022-07-12,0.237254
AOI-0031,2022-09-08,0.016415
AOI-0031,2022-09-09,0.017798
AOI-0031,2022-09-10,0.011389
AOI-0031,2022-09-11,0.018064
AOI-0031,2022-09-26,0.023072
AOI-0031,2022-09-29,0.024666
AOI-0031,2023-04-04,0.028804
AOI-0031,2023-04-27,0.028453
AOI-0031,2023-05-17,0.045418
AOI-0031,2023-06-17,0.024448
AOI-0031,2023-06-23,0.04256
AOI-0031,2023-06-26,0.242245
AOI-0031,2023-07-11,0.057433
AOI-0031,2023-08-15,0.027321
AOI-0031,2023-09-19,0.038163
AOI-0031,2023-09-20,0.026317
AOI-0031,2023-09-30,0.176423
AOI-0031,2023-10-15,0.015344
AOI-0031,2023-10-24,0.017156
AOI-0031,2024-05-03,0.019876
AOI-0031,2024-06-02,0.023903
AOI-0031,2024-07-02,0.01574
AOI-0031,2024-07-10,0.027414
AOI-0031,2024-07-13,0.010678
AOI-0031,2024-08-09,0.021325
AOI-0031,2024-08-16,0.034971
AOI-0031,2024-08-26,0.02891
AOI-0031,2025-04-19,0.015352
AOI-0031,2025-04-23,0.600386
AOI-0031,2025-06-21,0.108601
AOI-0031,2025-07-12,0.237991
AOI-0031,2025-07-15,0.021678
AOI-0031,2025-08-06,0.036281
AOI-0031,2025-08-09,0.042322
AOI-0031,2025-09-08,0.018659
AOI-0031,2025-09-15,0.03726
AOI-0031,2025-09-17,0.0212
AOI-0031,2025-10-02,0.058827
AOI-0031,2025-10-22,0.006721
AOI-0032,2010-06-04,0.000176
AOI-0032,2010-06-10,0.226328
AOI-0032,2010-06-20,0.023425
AOI-0032,2010-07-12,0.215807
AOI-0032,2010-08-16,0.017178
AOI-0032,2010-09-14,0.216503
AOI-0032,2010-09-30,0.198745
AOI-0032,2011-07-12,0.249853
AOI-0032,2011-08-29,0.183217
AOI-0032,2011-09-11,0.013166
AOI-0032,2011-09-28,0.014531
AOI-0032,2012-04-06,0.197907
AOI-0032,2012-05-01,0.044677
AOI-0032,2012-06-25,0.397768
AOI-0032,2012-10-08,0.007793
AOI-0032,2013-05-19,0.037346
AOI-0032,2013-05-20,0.011895
AOI-0032,2013-06-10,0.26218
AOI-0032,2013-06-12,0.015888
AOI-0032,2013-06-13,0.017347
AOI-0032,2013-07-22,0.063633
AOI-0032,2013-07-30,0.063463
AOI-0032,2013-08-13,0.166351
AOI-0032,2013-08-29,0.193056
AOI-0032,2013-09-14,0.256537
AOI-0032,2014-06-16,0.020517
AOI-0032,2014-06-26,0.231781
AOI-0032,2014-07-12,0.222489
AOI-0032,2014-09-03,0.012424
AOI-0032,2015-04-23,0.331114
AOI-0032,2015-06-18,0.043834
AOI-0032,2015-07-13,0.072475
AOI-0032,2015-09-15,0.033909
AOI-0032,2015-09-23,0.045478
AOI-0032,2015-09-30,0.233092
AOI-0032,2016-04-06,0.188891
AOI-0032,2016-04-10,0.030409
AOI-0032,2016-05-03,0.016616
AOI-0032,2016-06-09,0.317489
AOI-0032,2016-06-28,0.014293
AOI-0032,2016-07-15,0.033642
AOI-0032,2016-07-30,0.013591
AOI-0032,2016-08-16,0.041207
AOI-0032,2016-09-09,0.012385
AOI-0032,2016-10-18,0.029351
AOI-0032,2017-04-04,0.054219
AOI-0032,2017-04-28,0.037028
AOI-0032,2017-05-09,0.676237
AOI-0032,2017-07-02,0.032542
AOI-0032,2017-08-02,0.012788
AOI-0032,2017-08-11,0.009945
AOI-0032,2017-08-19,0.018581
AOI-0032,2017-08-27,0.011528
AOI-0032,2017-09-03,0.016645
AOI-0032,2017-09-12,0.015875
AOI-0032,2018-04-15,0.03406
AOI-0032,2018-06-10,0.225862
AOI-0032,2018-06-19,0.031774
AOI-0032,2018-09-14,0.245834
AOI-0032,2018-09-23,0.038523
AOI-0032,2018-09-30,0.227796
AOI-0032,2018-10-07,0.026522
AOI-0032,2018-10-12,0.025371
AOI-0032,2019-04-26,0.042585
AOI-0032,2019-04-28,0.046571
AOI-0032,2019-05-18,0.132884
AOI-0032,2019-05-20,0.121728
AOI-0032,2019-05-30,0.05543
AOI-0032,2019-06-14,0.01533
AOI-0032,2019-06-19,0.028714
AOI-0032,2019-07-23,0.013321
AOI-0032,2019-09-25,0.027592
AOI-0032,2019-10-05,0.028263
AOI-0032,2019-10-11,0.01794
AOI-0032,2019-10-25,0.066931
AOI-0032,2019-10-28,0.050364
AOI-0032,2020-05-27,0.059905
AOI-0032,2020-05-30,0.082041
AOI-0032,2020-06-24,0.038799
AOI-0032,2020-06-26,0.03864
AOI-0032,2020-08-05,0.028688
AOI-0032,2020-08-07,0.038062
AOI-0032,2020-09-13,0.189759
AOI-0032,2020-09-28,0.018619
AOI-0032,2020-09-29,0.160625
AOI-0032,2020-10-05,0.028623
AOI-0032,2020-10-06,0.018634
AOI-0032,2020-10-24,0.023737
AOI-0032,2021-04-04,0.024023
AOI-0032,2021-04-23,0.262608
AOI-0032,2021-05-01,0.003131
AOI-0032,2021-05-25,0.268213
AOI-0032,2021-06-18,0.009509
AOI-0032,2021-07-01,0.034469
AOI-0032,2021-07-18,0.017046
AOI-0032,2021-09-06,0.01825
AOI-0032,2021-09-15,0.017295
AOI-0032,2021-10-08,0.045227
AOI-0032,2022-04-26,0.054991
AOI-0032,2022-05-09,0.600984
AOI-0032,2022-05-13,0.138055
AOI-0032,2022-05-29,0.150667
AOI-0032,2022-06-06,0.190458
AOI-0032,2022-06-13,0.081442
AOI-0032,2022-06-30,0.036461
AOI-0032,2022-08-01,0.03011
AOI-0032,2022-08-02,0.025432
AOI-0032,2022-08-15,0.015802
AOI-0032,2022-08-24,0.019697
AOI-0032,2022-08-29,0.184298
AOI-0032,2022-09-11,0.015145
AOI-0032,2023-04-07,0.206475
AOI-0032,2023-04-12,0.019529
AOI-0032,2023-05-12,0.083903
AOI-0032,2023-05-15,0.02988
AOI-0032,2023-05-24,0.024979
AOI-0032,2023-06-06,0.083852
AOI-0032,2023-06-18,0.080408
AOI-0032,2023-07-26,0.045157
AOI-0032,2023-07-28,0.224822
AOI-0032,2023-08-08,0.045658
AOI-0032,2023-09-01,0.040681
AOI-0032,2023-09-11,0.035311
AOI-0032,2023-09-24,0.062122
AOI-0032,2024-04-07,0.014427
AOI-0032,2024-05-06,0.019215
AOI-0032,2024-06-03,0.021845
AOI-0032,2024-07-12,0.038706
AOI-0032,2024-07-25,0.026135
AOI-0032,2024-07-30,0.01923
AOI-0032,2024-08-22,0.017453
AOI-0032,2024-08-30,0.026518
AOI-0032,2024-09-13,0.206726
AOI-0032,2024-09-18,0.015474
AOI-0032,2024-10-05,0.016305
AOI-0032,2024-10-15,0.156232
AOI-0032,2024-10-23,0.013003
AOI-0032,2025-05-06,0.049496
AOI-0032,2025-05-28,0.085844
AOI-0032,2025-06-30,0.068467
AOI-0032,2025-07-07,0.034217
AOI-0032,2025-07-10,0.033736
AOI-0032,2025-08-13,0.195731
AOI-0032,2025-08-16,0.024606
AOI-0032,2025-08-24,0.014881
AOI-0032,2025-08-31,0.01697
AOI-0032,2025-09-03,0.028924
AOI-0032,2025-10-08,0.029971
AOI-0033,2025-04-28,0.127273
AOI-0033,2025-05-20,0.127087
AOI-0033,2025-06-10,0.797308
AOI-0033,2025-06-22,0.369384
AOI-0033,2025-07-05,0.288754
AOI-0033,2025-07-10,0.194079
AOI-0033,2025-09-15,0.177469
AOI-0034,2025-04-25,0.273245
AOI-0034,2025-05-06,0.253058
AOI-0034,2025-05-09,0.48817
AOI-0034,2025-06-10,0.495949
AOI-0034,2025-06-15,0.285387
AOI-0034,2025-06-21,0.295459
AOI-0034,2025-07-07,0.229706
AOI-0034,2025-07-10,0.239618
AOI-0034,2025-07-16,0.216648
AOI-0034,2025-08-31,0.200087
AOI-0034,2025-09-13,0.195693
AOI-0034,2025-09-23,0.203069
AOI-0034,2025-10-02,0.297314
AOI-0034,2025-10-16,0.410404
AOI-0035,2025-05-16,0.28564
AOI-0035,2025-05-20,0.283897
AOI-0035,2025-06-05,0.277894
AOI-0035,2025-06-07,0.284057
AOI-0035,2025-06-10,0.457731
AOI-0035,2025-07-30,0.255779
AOI-0035,2025-08-31,0.231601
AOI-0035,2025-09-26,0.225617
AOI-0035,2025-09-28,0.248098
AOI-0035,2025-10-02,0.304031
AOI-0035,2025-10-30,0.466234
AOI-0036,2025-05-16,0.372533
AOI-0036,2025-07-16,0.138645
AOI-0036,2025-08-01,0.159356
AOI-0036,2025-08-09,0.136895
AOI-0036,2025-08-23,0.139435
AOI-0036,2025-10-02,0.186924
AOI-0037,2025-04-07,0.4489
AOI-0037,2025-04-16,0.246806
AOI-0037,2025-05-23,0.362475
AOI-0037,2025-06-30,0.289698
AOI-0037,2025-07-14,0.214974
AOI-0037,2025-07-23,0.221242
AOI-0037,2025-08-09,0.189134
AOI-0037,2025-08-16,0.17213
AOI-0037,2025-09-12,0.161954
AOI-0037,2025-09-13,0.163905
AOI-0037,2025-09-23,0.167106
AOI-0037,2025-09-26,0.151618
AOI-0037,2025-09-30,0.290491
AOI-0037,2025-10-05,0.153855
AOI-0038,2025-04-07,0.468896
AOI-0038,2025-04-25,0.326633
AOI-0038,2025-06-14,0.409853
AOI-0038,2025-07-10,0.173095
AOI-0038,2025-07-15,0.170457
AOI-0038,2025-08-14,0.166472
AOI-0038,2025-09-02,0.173302
AOI-0038,2025-10-05,0.138664
AOI-0038,2025-10-08,0.140763
AOI-0038,2025-10-16,0.195324
AOI-0039,2025-05-04,0.419533
AOI-0039,2025-05-08,0.444164
AOI-0039,2025-05-28,0.48208
AOI-0039,2025-07-10,0.458798
AOI-0039,2025-08-06,0.30935
AOI-0039,2025-08-24,0.305964
AOI-0039,2025-09-08,0.298634
AOI-0039,2025-09-12,0.281988
AOI-0039,2025-09-14,0.495586
AOI-0039,2025-09-26,0.274591
AOI-0039,2025-10-23,0.325725
AOI-0040,2025-04-02,0.086301
AOI-0040,2025-04-03,0.088558
AOI-0040,2025-05-06,0.260291
AOI-0040,2025-06-07,0.369078
AOI-0040,2025-07-08,0.096184
AOI-0040,2025-09-12,0.080138
AOI-0040,2025-09-13,0.080934
AOI-0040,2025-09-28,0.08482
AOI-0040,2025-09-30,0.228043
AOI-0040,2025-10-02,0.118367
AOI-0041,2025-04-23,0.678061
AOI-0041,2025-05-20,0.400656
AOI-0041,2025-06-22,0.324704
AOI-0041,2025-06-27,0.248773
AOI-0041,2025-07-23,0.199913
AOI-0041,2025-08-19,0.169344
AOI-0041,2025-09-30,0.290697
AOI-0042,2025-04-18,0.245623
AOI-0042,2025-05-04,0.283343
AOI-0042,2025-06-13,0.311974
AOI-0042,2025-07-14,0.262197
AOI-0042,2025-07-16,0.238623
AOI-0042,2025-07-24,0.255036
AOI-0042,2025-08-17,0.226639
AOI-0042,2025-08-19,0.22784
AOI-0042,2025-08-24,0.218555
AOI-0042,2025-08-29,0.342252
AOI-0042,2025-09-15,0.241529
AOI-0042,2025-09-17,0.226323
AOI-0042,2025-10-02,0.272552
AOI-0043,2025-04-24,0.328658
AOI-0043,2025-04-29,0.282305
AOI-0043,2025-05-31,0.299542
AOI-0043,2025-06-08,0.31692
AOI-0043,2025-06-15,0.283672
AOI-0043,2025-06-17,0.280608
AOI-0043,2025-06-25,0.241306
AOI-0043,2025-07-07,0.264984
AOI-0043,2025-07-13,0.269769
AOI-0043,2025-08-12,0.245124
AOI-0043,2025-09-24,0.225944
AOI-0043,2025-10-13,0.229084
AOI-0043,2025-10-15,0.229734
AOI-0044,2010-04-16,0.102077
AOI-0044,2010-04-25,0.150208
AOI-0044,2010-05-09,0.504318
AOI-0044,2010-05-18,0.226386
AOI-0044,2010-06-12,0.243644
AOI-0044,2010-06-20,0.187208
AOI-0044,2010-06-28,0.273775
AOI-0044,2010-07-29,0.08676
AOI-0044,2010-08-06,0.145276
AOI-0044,2010-10-16,0.240042
AOI-0044,2010-10-25,0.070008
AOI-0044,2011-07-16,0.269556
AOI-0044,2011-08-01,0.110539
AOI-0044,2011-08-02,0.109225
AOI-0044,2011-10-16,0.338644
AOI-0044,2012-04-06,0.364265
AOI-0044,2012-05-08,0.88612
AOI-0044,2013-05-02,0.150798
AOI-0044,2013-05-03,0.154126
AOI-0044,2013-05-11,0.137
AOI-0044,2014-04-07,0.439408
AOI-0044,2014-06-06,0.135512
AOI-0044,2014-06-14,0.116847
AOI-0044,2014-06-23,0.102641
AOI-0044,2014-08-02,0.12083
AOI-0044,2014-08-09,0.156943
AOI-0044,2014-08-29,0.235064
AOI-0044,2014-09-18,0.087713
AOI-0044,2014-09-19,0.07699
AOI-0044,2014-10-04,0.07161
AOI-0044,2014-10-12,0.08857
AOI-0044,2014-10-28,0.109303
AOI-0044,2014-10-29,0.110174
AOI-0044,2015-06-26,0.635995
AOI-0044,2015-07-27,0.120118
AOI-0044,2015-07-28,0.313189
AOI-0044,2015-08-29,0.249336
AOI-0044,2015-10-08,0.139643
AOI-0044,2015-10-16,0.372915
AOI-0044,2016-04-08,0.244427
AOI-0044,2016-05-08,0.831788
AOI-0044,2016-05-11,0.440257
AOI-0044,2016-06-20,0.240416
AOI-0044,2016-06-25,0.469945
AOI-0044,2016-07-13,0.115591
AOI-0044,2016-07-27,0.313296
AOI-0044,2016-09-07,0.120817
AOI-0044,2016-09-13,0.317287
AOI-0044,2016-10-02,0.104538
AOI-0044,2016-10-26,0.098156
AOI-0044,2017-04-03,0.115656
AOI-0044,2017-04-04,0.108873
AOI-0044,2017-04-12,0.095559
AOI-0044,2017-06-27,0.129639
AOI-0044,2017-06-30,0.107468
AOI-0044,2017-08-10,0.099786
AOI-0044,2017-09-14,0.287315
AOI-0044,2018-04-06,0.201018
AOI-0044,2018-07-12,0.343215
AOI-0044,2018-07-19,0.145864
AOI-0044,2018-09-30,0.281634
AOI-0044,2019-04-25,0.126276
AOI-0044,2019-04-26,0.121741
AOI-0044,2019-06-02,0.309109
AOI-0044,2019-06-12,0.233819
AOI-0044,2019-06-20,0.186386
AOI-0044,2019-08-13,0.288775
AOI-0044,2019-09-10,0.09514
AOI-0044,2019-09-15,0.100001
AOI-0044,2019-09-16,0.10067
AOI-0044,2019-10-10,0.093957
AOI-0044,2020-04-17,0.114683
AOI-0044,2020-04-22,0.342743
AOI-0044,2020-05-17,0.114403
AOI-0044,2020-06-30,0.094058
AOI-0044,2020-08-10,0.091185
AOI-0044,2020-09-09,0.095489
AOI-0044,2020-09-10,0.092402
AOI-0044,2020-09-26,0.099658
AOI-0044,2020-09-29,0.204599
AOI-0044,2020-10-14,0.082022
AOI-0044,2020-10-21,0.076216
AOI-0044,2021-05-12,0.335823
AOI-0044,2021-05-17,0.326624
AOI-0044,2021-05-25,0.838146
AOI-0044,2021-07-16,0.122771
AOI-0044,2021-07-21,0.097509
AOI-0044,2021-09-30,0.223412
AOI-0044,2021-10-07,0.084806
AOI-0044,2022-05-27,0.37456
AOI-0044,2022-06-06,0.421122
AOI-0044,2022-06-12,0.322299
AOI-0044,2022-07-07,0.10268
AOI-0044,2022-08-10,0.108809
AOI-0044,2022-08-13,0.251053
AOI-0044,2022-08-24,0.105952
AOI-0044,2022-09-25,0.08386
AOI-0044,2022-09-30,0.224007
AOI-0044,2023-04-02,0.100676
AOI-0044,2023-04-07,0.292884
AOI-0044,2023-06-06,0.140058
AOI-0044,2023-06-30,0.107223
AOI-0044,2023-07-05,0.11046
AOI-0044,2023-07-09,0.117431
AOI-0044,2023-07-11,0.117583
AOI-0044,2023-07-16,0.096052
AOI-0044,2023-07-25,0.104966
AOI-0044,2023-08-05,0.096742
AOI-0044,2023-08-25,0.098488
AOI-0044,2023-09-30,0.253916
AOI-0044,2023-10-14,0.167181
AOI-0044,2024-04-06,0.792252
AOI-0044,2024-04-14,0.422314
AOI-0044,2024-06-05,0.301603
AOI-0044,2024-09-06,0.093763
AOI-0044,2024-09-21,0.094321
AOI-0044,2025-04-02,0.101616
AOI-0044,2025-05-20,0.110073
AOI-0044,2025-07-06,0.085699
AOI-0044,2025-07-10,0.094611
AOI-0044,2025-08-14,0.106411
AOI-0044,2025-09-23,0.096056
AOI-0044,2025-10-03,0.090206
AOI-0044,2025-10-15,0.078992
AOI-0045,2025-04-26,0.290404
AOI-0045,2025-06-15,0.275285
AOI-0045,2025-06-27,0.247781
AOI-0045,2025-06-29,0.248744
AOI-0045,2025-07-31,0.237386
AOI-0045,2025-08-13,0.362922
AOI-0045,2025-08-15,0.227766
AOI-0045,2025-08-16,0.234797
AOI-0045,2025-09-30,0.315165
AOI-0045,2025-10-15,0.230168
AOI-0046,2010-06-26,0.272648
AOI-0046,2010-07-12,0.460434
AOI-0046,2010-09-14,0.470176
AOI-0046,2011-05-30,0.131863
AOI-0046,2011-08-17,0.099374
AOI-0046,2012-04-22,0.631513
AOI-0046,2012-04-29,0.203749
AOI-0046,2012-06-09,0.85319
AOI-0046,2013-04-25,0.10265
AOI-0046,2013-05-09,0.532813
AOI-0046,2013-06-11,0.347283
AOI-0046,2013-06-27,0.16025
AOI-0046,2013-07-21,0.168861
AOI-0046,2013-07-28,0.339246
AOI-0046,2013-07-30,0.169577
AOI-0046,2014-05-25,0.805944
AOI-0046,2014-05-29,0.600481
AOI-0046,2014-07-01,0.14178
AOI-0046,2014-07-12,0.384716
AOI-0046,2014-08-01,0.094118
AOI-0046,2014-08-25,0.126424
AOI-0046,2014-09-19,0.090485
AOI-0046,2015-05-17,0.132163
AOI-0046,2015-07-12,0.442257
AOI-0046,2015-09-22,0.095256
AOI-0046,2015-10-16,0.424425
AOI-0046,2016-05-02,0.54243
AOI-0046,2016-05-10,0.478553
AOI-0046,2016-05-18,0.496873
AOI-0046,2016-06-03,0.493378
AOI-0046,2016-06-09,0.720894
AOI-0046,2016-07-13,0.099964
AOI-0046,2016-07-30,0.091861
AOI-0046,2016-10-02,0.1253
AOI-0046,2016-10-17,0.134303
AOI-0046,2016-10-25,0.199206
AOI-0046,2017-04-13,0.278448
AOI-0046,2017-06-27,0.256396
AOI-0046,2017-07-02,0.220642
AOI-0046,2017-07-24,0.183039
AOI-0046,2017-08-09,0.155466
AOI-0046,2017-08-21,0.117549
AOI-0046,2017-09-10,0.156021
AOI-0046,2017-09-15,0.152806
AOI-0046,2017-10-12,0.150762
AOI-0046,2018-05-09,0.351882
AOI-0046,2018-06-01,0.148193
AOI-0046,2018-07-20,0.106445
AOI-0046,2018-08-20,0.190167
AOI-0046,2018-08-29,0.271468
AOI-0046,2018-10-15,0.206264
AOI-0046,2018-10-24,0.097385
AOI-0046,2019-04-01,0.149153
AOI-0046,2019-04-18,0.253448
AOI-0046,2019-05-19,0.54616
AOI-0046,2019-08-01,0.21005
AOI-0046,2019-09-01,0.131641
AOI-0046,2019-10-20,0.402362
AOI-0046,2020-04-04,0.448999
AOI-0046,2020-04-07,0.445046
AOI-0046,2020-05-08,1.0
AOI-0046,2020-05-24,1.0
AOI-0046,2020-06-09,0.961196
AOI-0046,2020-09-10,0.13321
AOI-0046,2020-09-13,0.312673
AOI-0046,2020-09-26,0.14252
AOI-0046,2020-10-21,0.10972
AOI-0046,2021-05-02,0.403058
AOI-0046,2021-05-25,1.0
AOI-0046,2021-07-11,0.245799
AOI-0046,2021-07-28,0.338817
AOI-0046,2021-08-13,0.269994
AOI-0046,2021-08-20,0.147472
AOI-0046,2021-08-29,0.378185
AOI-0046,2021-09-06,0.30492
AOI-0046,2022-06-05,0.143021
AOI-0046,2022-07-24,0.160867
AOI-0046,2022-07-29,0.150934
AOI-0046,2022-07-30,0.149743
AOI-0046,2022-08-24,0.141932
AOI-0046,2022-08-30,0.142646
AOI-0046,2023-04-02,0.341634
AOI-0046,2023-04-29,0.461131
AOI-0046,2023-05-06,0.543101
AOI-0046,2023-06-21,0.547032
AOI-0046,2023-06-24,0.357732
AOI-0046,2023-07-22,0.144905
AOI-0046,2023-07-25,0.153475
AOI-0046,2023-08-13,0.272319
AOI-0046,2023-08-18,0.14697
AOI-0046,2023-08-25,0.140005
AOI-0046,2023-08-27,0.146683
AOI-0046,2023-08-28,0.156914
AOI-0046,2023-10-13,0.135216
AOI-0046,2023-10-29,0.24699
AOI-0046,2024-04-06,0.890372
AOI-0046,2024-05-08,0.995812
AOI-0046,2024-05-09,0.560352
AOI-0046,2024-06-01,0.628337
AOI-0046,2024-06-09,0.782576
AOI-0046,2024-07-03,0.213657
AOI-0046,2024-07-19,0.127668
AOI-0046,2024-08-09,0.142328
AOI-0046,2024-08-20,0.134697
AOI-0046,2024-08-28,0.303752
AOI-0046,2024-09-13,0.313881
AOI-0046,2024-09-22,0.14282
AOI-0046,2024-10-13,0.126815
AOI-0046,2025-06-30,0.569978
AOI-0046,2025-07-15,0.404337
AOI-0046,2025-08-07,0.3623
AOI-0046,2025-08-15,0.212532
AOI-0046,2025-09-24,0.133233
AOI-0046,2025-10-02,0.19097
AOI-0047,2025-05-08,0.28655
AOI-0047,2025-05-16,0.354181
AOI-0047,2025-05-25,0.795004
AOI-0047,2025-06-15,0.192226
AOI-0047,2025-07-17,0.066425
AOI-0047,2025-07-18,0.08408
AOI-0047,2025-09-03,0.074529
AOI-0047,2025-10-15,0.073815
AOI-0047,2025-10-16,0.147762
AOI-0048,2025-04-07,0.610429
AOI-0048,2025-04-17,0.201451
AOI-0048,2025-05-09,0.761
AOI-0048,2025-09-17,0.069469
AOI-0048,2025-09-24,0.07459
AOI-0049,2025-05-04,0.257199
AOI-0049,2025-06-26,0.350983
AOI-0049,2025-06-27,0.146586
AOI-0049,2025-07-29,0.079114
AOI-0049,2025-08-06,0.093774
AOI-0049,2025-08-12,0.09137
AOI-0049,2025-08-17,0.090923
AOI-0049,2025-09-06,0.086314
AOI-0049,2025-09-14,0.231644
AOI-0049,2025-09-26,0.067127
AOI-0049,2025-09-30,0.232569
AOI-0049,2025-10-08,0.063039
AOI-0049,2025-10-16,0.133007
AOI-0049,2025-10-28,0.101495
AOI-0050,2025-04-14,0.340243
AOI-0050,2025-04-15,0.342208
AOI-0050,2025-05-25,0.721549
AOI-0050,2025-06-27,0.495696
AOI-0050,2025-08-07,0.339297
AOI-0050,2025-08-09,0.342307
AOI-0050,2025-08-13,0.462
AOI-0050,2025-08-17,0.352634
AOI-0050,2025-09-07,0.291388
AOI-0050,2025-09-30,0.50328
AOI-0050,2025-10-17,0.304891
AOI-0050,2025-10-28,0.323431
AOI-0051,2010-06-09,0.474469
AOI-0051,2011-06-04,0.326647
AOI-0051,2011-06-05,0.369416
AOI-0051,2011-06-12,0.371344
AOI-0051,2011-06-13,0.352475
AOI-0051,2011-09-01,0.290871
AOI-0051,2011-10-11,0.228627
AOI-0051,2012-04-27,0.290656
AOI-0051,2012-05-22,0.317083
AOI-0051,2012-08-12,0.629508
AOI-0051,2012-08-26,0.27526
AOI-0051,2012-08-28,0.464647
AOI-0051,2012-09-18,0.217365
AOI-0051,2012-10-13,0.258148
AOI-0051,2013-05-01,0.357841
AOI-0051,2013-07-19,0.279903
AOI-0051,2013-07-28,0.597215
AOI-0051,2013-08-29,0.46532
AOI-0051,2013-10-07,0.282565
AOI-0051,2013-10-16,0.559362
AOI-0051,2014-04-18,0.474145
AOI-0051,2014-06-05,0.426635
AOI-0051,2014-06-10,0.603977
AOI-0051,2014-06-28,0.296371
AOI-0051,2014-09-08,0.281115
AOI-0051,2014-09-16,0.262176
AOI-0051,2015-04-07,0.402275
AOI-0051,2015-05-23,0.398721
AOI-0051,2015-06-10,0.642825
AOI-0051,2015-06-15,0.437245
AOI-0051,2015-06-26,0.598
AOI-0051,2015-09-14,0.481476
AOI-0051,2015-09-20,0.243092
AOI-0051,2015-10-06,0.234398
AOI-0051,2016-04-06,0.708457
AOI-0051,2016-06-25,0.551739
AOI-0051,2016-07-12,0.42726
AOI-0051,2016-08-28,0.496693
AOI-0051,2016-09-14,0.25638
AOI-0051,2016-09-29,0.494291
AOI-0051,2016-10-24,0.216334
AOI-0051,2017-05-28,0.438637
AOI-0051,2017-06-21,0.488381
AOI-0051,2017-06-28,0.472485
AOI-0051,2017-07-06,0.452806
AOI-0051,2017-07-23,0.445836
AOI-0051,2017-09-25,0.25865
AOI-0051,2017-09-30,0.570178
AOI-0051,2017-10-16,0.229971
AOI-0051,2018-04-11,0.390796
AOI-0051,2018-04-28,0.557618
AOI-0051,2018-04-29,0.551575
AOI-0051,2018-05-30,0.555171
AOI-0051,2018-06-26,0.43146
AOI-0051,2018-07-02,0.242514
AOI-0051,2018-08-02,0.449381
AOI-0051,2018-08-18,0.220119
AOI-0051,2018-09-14,0.379008
AOI-0051,2018-09-19,0.172399
AOI-0051,2018-10-14,0.176239
AOI-0051,2019-05-17,0.664339
AOI-0051,2019-05-31,0.675342
AOI-0051,2019-06-25,0.299727
AOI-0051,2019-06-30,0.343215
AOI-0051,2019-07-29,0.306296
AOI-0051,2019-08-05,0.256041
AOI-0051,2019-08-13,0.436396
AOI-0051,2019-08-22,0.22845
AOI-0051,2019-09-13,0.282704
AOI-0051,2019-10-16,0.386934
AOI-0051,2020-04-26,0.37029
AOI-0051,2020-06-09,0.990615
AOI-0051,2020-07-04,0.493107
AOI-0051,2020-07-27,0.571988
AOI-0051,2020-08-31,0.307172
AOI-0051,2020-09-07,0.264022
AOI-0051,2020-10-27,0.256568
AOI-0051,2021-05-06,0.546799
AOI-0051,2021-06-23,0.414574
AOI-0051,2021-07-19,0.303057
AOI-0051,2021-07-28,0.4948
AOI-0051,2021-08-23,0.405113
AOI-0051,2021-08-28,0.440343
AOI-0051,2021-08-29,0.604376
AOI-0051,2021-09-03,0.430307
AOI-0051,2021-09-07,0.368585
AOI-0051,2021-10-02,0.3808
AOI-0051,2021-10-21,0.205168
AOI-0051,2022-05-09,0.575408
AOI-0051,2022-05-26,0.467747
AOI-0051,2022-05-27,0.462924
AOI-0051,2022-06-11,0.575194
AOI-0051,2022-06-19,0.67958
AOI-0051,2022-06-30,0.626223
AOI-0051,2022-07-09,0.540421
AOI-0051,2022-07-12,0.869637
AOI-0051,2022-07-22,0.529132
AOI-0051,2022-07-24,0.582651
AOI-0051,2022-07-29,0.6757
AOI-0051,2022-08-13,0.722303
AOI-0051,2022-08-28,0.521135
AOI-0051,2022-09-06,0.490186
AOI-0051,2022-09-14,0.719415
AOI-0051,2022-10-07,0.354973
AOI-0051,2022-10-15,0.262415
AOI-0051,2023-04-23,1.0
AOI-0051,2023-07-31,0.340302
AOI-0051,2023-08-28,0.478441
AOI-0051,2023-09-09,0.288075
AOI-0051,2023-09-27,0.383662
AOI-0051,2023-10-04,0.378481
AOI-0051,2024-04-05,0.29299
AOI-0051,2024-05-04,0.473247
AOI-0051,2024-05-22,0.469443
AOI-0051,2024-06-03,0.481124
AOI-0051,2024-06-23,0.508064
AOI-0051,2024-07-28,0.431613
AOI-0051,2024-08-27,0.321822
AOI-0051,2024-09-03,0.256605
AOI-0051,2024-10-01,0.270164
AOI-0051,2024-10-05,0.200012
AOI-0051,2024-10-06,0.203407
AOI-0051,2024-10-15,0.37025
AOI-0051,2025-05-09,1.0
AOI-0051,2025-06-10,0.743298
AOI-0051,2025-06-27,0.40238
AOI-0051,2025-07-05,0.335132
AOI-0051,2025-07-10,0.273917
AOI-0051,2025-08-05,0.206135
AOI-0051,2025-08-12,0.227687
AOI-0051,2025-09-15,0.208336
AOI-0051,2025-09-16,0.217636
AOI-0052,2025-04-19,0.117101
AOI-0052,2025-06-08,0.217066
AOI-0052,2025-06-11,0.217573
AOI-0052,2025-07-05,0.501461
AOI-0052,2025-07-18,0.318445
AOI-0052,2025-08-22,0.146195
AOI-0052,2025-08-27,0.148192
AOI-0052,2025-09-06,0.146625
AOI-0052,2025-09-14,0.305757
AOI-0052,2025-10-17,0.122686
AOI-0053,2025-04-11,0.312052
AOI-0053,2025-04-14,0.261154
AOI-0053,2025-04-16,0.285778
AOI-0053,2025-04-19,0.249962
AOI-0053,2025-04-23,0.83847
AOI-0053,2025-06-26,0.257635
AOI-0053,2025-07-28,0.263499
AOI-0053,2025-08-02,0.082974
AOI-0053,2025-08-09,0.070311
AOI-0053,2025-08-12,0.094196
AOI-0053,2025-08-29,0.20499
AOI-0053,2025-09-01,0.083021
AOI-0053,2025-09-07,0.081343
AOI-0053,2025-09-11,0.081195
AOI-0053,2025-09-14,0.221519
AOI-0053,2025-09-15,0.06542
AOI-0053,2025-09-21,0.079966
AOI-0053,2025-09-26,0.079346
AOI-0053,2025-10-28,0.110043
AOI-0054,2025-04-11,0.50602
AOI-0054,2025-04-19,0.520985
AOI-0054,2025-05-04,0.565873
AOI-0054,2025-06-03,0.628233
AOI-0054,2025-07-28,0.725872
AOI-0054,2025-08-12,0.424574
AOI-0054,2025-09-21,0.508446
AOI-0054,2025-09-30,0.662778
AOI-0054,2025-10-16,0.58883
AOI-0055,2025-04-01,0.32141
AOI-0055,2025-04-11,0.32553
AOI-0055,2025-05-09,0.71339
AOI-0055,2025-07-04,0.509492
AOI-0055,2025-07-05,0.475916
AOI-0055,2025-07-08,0.455056
AOI-0055,2025-07-23,0.424639
AOI-0055,2025-08-17,0.355444
AOI-0055,2025-09-14,0.489896
AOI-0055,2025-09-22,0.334717
AOI-0056,2025-04-23,0.782267
AOI-0056,2025-05-24,0.336316
AOI-0056,2025-06-10,0.678814
AOI-0056,2025-06-19,0.257757
AOI-0056,2025-07-18,0.073003
AOI-0056,2025-07-23,0.070629
AOI-0056,2025-08-09,0.067799
AOI-0056,2025-09-06,0.079119
AOI-0056,2025-09-08,0.078142
AOI-0056,2025-10-16,0.144032
AOI-0057,2025-05-04,0.220478
AOI-0057,2025-05-09,0.805504
AOI-0057,2025-05-19,0.251931
AOI-0057,2025-06-26,0.358789
AOI-0057,2025-06-27,0.144831
AOI-0057,2025-07-10,0.078601
AOI-0057,2025-07-13,0.080309
AOI-0057,2025-07-18,0.086069
AOI-0057,2025-08-05,0.090341
AOI-0057,2025-08-27,0.079779
AOI-0057,2025-09-01,0.077378
AOI-0057,2025-09-21,0.078543
AOI-0058,2010-04-23,0.4492
AOI-0058,2010-08-13,0.405017
AOI-0058,2010-08-29,0.420287
AOI-0058,2010-09-05,0.222298
AOI-0058,2011-04-02,0.320691
AOI-0058,2011-04-26,0.411386
AOI-0058,2011-06-12,0.39099
AOI-0058,2011-07-15,0.317766
AOI-0058,2011-08-29,0.502452
AOI-0058,2011-09-01,0.206443
AOI-0058,2011-10-02,0.20015
AOI-0058,2011-10-27,0.316825
AOI-0058,2012-04-22,0.602561
AOI-0058,2012-06-09,0.727045
AOI-0058,2012-06-23,0.389574
AOI-0058,2012-07-11,0.708164
AOI-0058,2012-08-12,0.583281
AOI-0058,2012-09-11,0.320903
AOI-0058,2013-04-07,0.443472
AOI-0058,2013-04-23,0.480222
AOI-0058,2013-05-09,0.67351
AOI-0058,2013-06-09,0.341918
AOI-0058,2013-06-10,0.739907
AOI-0058,2013-07-11,0.553872
AOI-0058,2013-07-19,0.430342
AOI-0058,2013-08-28,0.194948
AOI-0058,2013-10-16,0.468145
AOI-0058,2013-10-24,0.227232
AOI-0058,2014-04-25,0.426113
AOI-0058,2014-06-05,0.327541
AOI-0058,2014-06-10,0.809894
AOI-0058,2014-09-14,0.445086
AOI-0058,2015-04-28,0.345656
AOI-0058,2015-05-09,0.841587
AOI-0058,2015-09-03,0.337131
AOI-0058,2015-09-27,0.446429
AOI-0058,2016-04-06,0.793663
AOI-0058,2016-04-30,0.574627
AOI-0058,2016-06-09,0.771225
AOI-0058,2016-07-27,0.612905
AOI-0058,2016-07-28,0.370617
AOI-0058,2016-08-13,0.381137
AOI-0058,2017-04-25,0.575803
AOI-0058,2017-07-15,0.220159
AOI-0058,2017-09-13,0.2246
AOI-0058,2017-09-16,0.171987
AOI-0058,2018-05-15,0.542011
AOI-0058,2018-07-26,0.532336
AOI-0058,2018-08-02,0.56448
AOI-0058,2019-04-23,1.0
AOI-0058,2019-05-25,1.0
AOI-0058,2019-06-25,0.312851
AOI-0058,2019-06-27,0.331281
AOI-0058,2019-07-04,0.23822
AOI-0058,2019-08-30,0.215769
AOI-0058,2019-09-28,0.206769
AOI-0058,2019-09-30,0.304211
AOI-0058,2020-04-17,0.498429
AOI-0058,2020-05-04,0.549146
AOI-0058,2020-06-05,0.660936
AOI-0058,2020-06-29,0.572342
AOI-0058,2020-07-06,0.499355
AOI-0058,2020-07-22,0.40196
AOI-0058,2020-07-30,0.332496
AOI-0058,2020-08-07,0.317711
AOI-0058,2020-08-12,0.541806
AOI-0058,2020-08-23,0.349186
AOI-0058,2020-08-28,0.549007
AOI-0058,2020-09-24,0.319255
AOI-0058,2020-10-27,0.323723
AOI-0058,2021-04-15,0.493014
AOI-0058,2021-05-09,0.985627
AOI-0058,2021-05-31,0.67178
AOI-0058,2021-07-09,0.550496
AOI-0058,2021-07-14,0.553345
AOI-0058,2021-07-25,0.522093
AOI-0058,2021-08-13,0.437466
AOI-0058,2021-08-28,0.404379
AOI-0058,2021-09-27,0.589988
AOI-0058,2022-06-10,1.0
AOI-0058,2022-06-18,0.609886
AOI-0058,2022-07-04,0.315587
AOI-0058,2022-07-12,0.455625
AOI-0058,2022-07-17,0.198529
AOI-0058,2022-07-29,0.222929
AOI-0058,2022-09-14,0.364185
AOI-0058,2023-05-09,0.871131
AOI-0058,2023-05-20,0.629583
AOI-0058,2023-06-28,0.560136
AOI-0058,2023-08-17,0.541458
AOI-0058,2023-09-02,0.425858
AOI-0058,2023-09-10,0.535493
AOI-0058,2023-09-27,0.568834
AOI-0058,2023-10-12,0.505699
AOI-0058,2024-04-09,0.700951
AOI-0058,2024-05-09,0.663647
AOI-0058,2024-06-03,0.46429
AOI-0058,2024-06-23,0.421569
AOI-0058,2024-06-28,0.368292
AOI-0058,2024-07-09,0.402069
AOI-0058,2024-07-26,0.207481
AOI-0058,2024-07-27,0.42894
AOI-0058,2024-08-18,0.24009
AOI-0058,2024-08-27,0.274811
AOI-0058,2024-08-28,0.433167
AOI-0058,2024-09-21,0.230475
AOI-0058,2024-09-28,0.299732
AOI-0058,2024-10-01,0.30295
AOI-0058,2024-10-30,0.267049
AOI-0058,2025-04-07,0.72178
AOI-0058,2025-04-16,0.478092
AOI-0058,2025-04-24,0.520745
AOI-0058,2025-07-18,0.320002
AOI-0058,2025-07-28,0.508968
AOI-0058,2025-08-02,0.303393
AOI-0058,2025-08-06,0.232638
AOI-0058,2025-08-09,0.247664
AOI-0058,2025-08-12,0.283197
AOI-0058,2025-08-14,0.216188
AOI-0058,2025-09-14,0.355659
AOI-0058,2025-09-22,0.186156
AOI-0059,2010-06-26,0.639862
AOI-0059,2010-07-19,0.213137
AOI-0059,2010-08-28,0.069589
AOI-0059,2011-04-23,0.561617
AOI-0059,2011-05-27,0.144333
AOI-0059,2011-05-28,0.108245
AOI-0059,2011-06-12,0.066342
AOI-0059,2011-06-26,0.308152
AOI-0059,2011-07-07,0.092952
AOI-0059,2011-07-28,0.316425
AOI-0059,2011-08-08,0.102229
AOI-0059,2011-08-23,0.086015
AOI-0059,2012-04-04,0.111223
AOI-0059,2012-08-12,0.432853
AOI-0059,2012-08-26,0.084046
AOI-0059,2012-09-11,0.07147
AOI-0059,2012-10-13,0.08521
AOI-0059,2013-05-09,0.688907
AOI-0059,2013-06-18,0.098407
AOI-0059,2013-07-20,0.126622
AOI-0059,2013-08-13,0.275638
AOI-0059,2013-08-21,0.102127
AOI-0059,2013-10-16,0.335854
AOI-0059,2014-05-09,0.506164
AOI-0059,2014-10-27,0.110337
AOI-0059,2015-04-13,0.100182
AOI-0059,2015-05-22,0.088013
AOI-0059,2015-06-07,0.124056
AOI-0059,2015-08-02,0.112712
AOI-0059,2015-08-10,0.143299
AOI-0059,2015-08-29,0.250378
AOI-0059,2015-09-27,0.132805
AOI-0059,2015-09-30,0.184688
AOI-0059,2016-05-25,0.388359
AOI-0059,2016-07-04,0.149713
AOI-0059,2016-09-14,0.089351
AOI-0059,2016-10-24,0.116313
AOI-0059,2017-04-02,0.211446
AOI-0059,2017-05-06,0.24697
AOI-0059,2017-05-27,0.257234
AOI-0059,2017-06-04,0.249168
AOI-0059,2017-06-10,0.640335
AOI-0059,2017-07-12,0.311466
AOI-0059,2017-07-23,0.064273
AOI-0059,2017-07-28,0.275459
AOI-0059,2017-08-13,0.215896
AOI-0059,2017-08-29,0.230961
AOI-0059,2017-09-24,0.069325
AOI-0059,2018-04-07,0.356613
AOI-0059,2018-05-22,0.210566
AOI-0059,2018-05-31,0.224914
AOI-0059,2018-07-09,0.296299
AOI-0059,2018-07-18,0.231448
AOI-0059,2018-07-26,0.249421
AOI-0059,2018-08-02,0.234366
AOI-0059,2018-08-10,0.210398
AOI-0059,2018-08-13,0.36609
AOI-0059,2018-10-06,0.076821
AOI-0059,2019-04-11,0.335873
AOI-0059,2019-04-21,0.287967
AOI-0059,2019-04-23,0.811374
AOI-0059,2019-05-21,0.346648
AOI-0059,2019-06-02,0.388905
AOI-0059,2019-06-05,0.381266
AOI-0059,2019-06-10,0.764642
AOI-0059,2019-06-15,0.289634
AOI-0059,2019-06-30,0.175393
AOI-0059,2019-07-29,0.196237
AOI-0059,2019-08-21,0.122176
AOI-0059,2019-08-24,0.135146
AOI-0059,2019-09-03,0.132253
AOI-0059,2019-10-13,0.166067
AOI-0059,2019-10-24,0.116981
AOI-0059,2020-04-09,0.115209
AOI-0059,2020-04-18,0.102685
AOI-0059,2020-04-25,0.107823
AOI-0059,2020-05-08,0.565156
AOI-0059,2020-05-12,0.215405
AOI-0059,2020-06-05,0.418524
AOI-0059,2020-07-11,0.646799
AOI-0059,2020-07-30,0.395242
AOI-0059,2020-10-26,0.134007
AOI-0059,2021-06-19,0.471225
AOI-0059,2021-06-23,0.395923
AOI-0059,2021-06-29,0.307403
AOI-0059,2021-07-28,0.326301
AOI-0059,2021-07-29,0.138048
AOI-0059,2021-08-18,0.317309
AOI-0059,2021-08-28,0.412977
AOI-0059,2021-09-07,0.344096
AOI-0059,2021-09-17,0.316546
AOI-0059,2021-09-28,0.169962
AOI-0059,2021-09-30,0.338692
AOI-0059,2021-10-16,0.222026
AOI-0059,2022-04-15,0.162834
AOI-0059,2022-06-10,0.770021
AOI-0059,2022-06-11,0.342932
AOI-0059,2022-07-20,0.289715
AOI-0059,2022-08-18,0.408502
AOI-0059,2022-09-27,0.242183
AOI-0059,2022-10-08,0.235739
AOI-0059,2023-05-13,0.318333
AOI-0059,2023-05-25,0.824202
AOI-0059,2023-06-18,0.376314
AOI-0059,2023-07-16,0.140645
AOI-0059,2023-07-29,0.1341
AOI-0059,2023-09-30,0.266899
AOI-0059,2023-10-12,0.133567
AOI-0059,2023-10-16,0.147553
AOI-0059,2024-04-04,0.166031
AOI-0059,2024-04-13,0.167915
AOI-0059,2024-04-22,0.513194
AOI-0059,2024-05-19,0.169425
AOI-0059,2024-06-09,0.687178
AOI-0059,2024-07-13,0.233511
AOI-0059,2024-07-17,0.179176
AOI-0059,2024-07-27,0.315103
AOI-0059,2024-09-11,0.111729
AOI-0059,2025-04-01,0.302379
AOI-0059,2025-04-23,0.86927
AOI-0059,2025-05-01,0.330262
AOI-0059,2025-05-09,0.911754
AOI-0059,2025-05-17,0.373339
AOI-0059,2025-06-10,0.460757
AOI-0059,2025-08-29,0.282385
AOI-0059,2025-09-07,0.108677
AOI-0059,2025-10-08,0.138266
AOI-0059,2025-10-28,0.125563
AOI-0060,2025-04-14,0.234161
AOI-0060,2025-04-29,0.249596
AOI-0060,2025-06-03,0.285866
AOI-0060,2025-07-04,0.384438
AOI-0060,2025-07-05,0.396082
AOI-0060,2025-07-21,0.115716
AOI-0060,2025-08-05,0.093751
AOI-0060,2025-08-29,0.249424
AOI-0060,2025-08-30,0.087978
AOI-0060,2025-09-01,0.091425
AOI-0060,2025-09-11,0.081993
AOI-0061,2010-04-23,0.456876
AOI-0061,2010-05-26,0.035884
AOI-0061,2010-06-11,0.039936
AOI-0061,2011-06-30,0.008617
AOI-0061,2011-07-28,0.41429
AOI-0061,2011-09-18,0.00558
AOI-0061,2011-09-26,0.022032
AOI-0061,2012-04-06,0.399715
AOI-0061,2012-05-24,0.537098
AOI-0061,2012-08-28,0.347434
AOI-0061,2012-09-04,0.022186
AOI-0061,2012-10-22,0.00217
AOI-0061,2013-04-16,0.032306
AOI-0061,2013-06-10,0.388406
AOI-0061,2013-06-26,0.310564
AOI-0061,2013-08-29,0.204334
AOI-0061,2013-09-14,0.243436
AOI-0061,2013-10-09,0.023421
AOI-0061,2014-04-27,0.090299
AOI-0061,2014-06-26,0.279886
AOI-0061,2014-07-28,0.221725
AOI-0061,2015-04-07,0.328603
AOI-0061,2015-05-08,0.048321
AOI-0061,2015-09-29,0.041658
AOI-0061,2016-04-22,0.700626
AOI-0061,2016-06-19,0.048167
AOI-0061,2016-06-27,0.109108
AOI-0061,2016-07-13,0.016303
AOI-0061,2017-04-03,0.030543
AOI-0061,2017-05-25,0.321517
AOI-0061,2017-07-02,0.039186
AOI-0061,2017-07-27,0.133497
AOI-0061,2017-08-11,0.018373
AOI-0061,2017-09-02,0.028414
AOI-0061,2018-04-07,0.671105
AOI-0061,2018-06-10,0.481297
AOI-0061,2019-04-09,0.022519
AOI-0061,2019-05-13,0.050308
AOI-0061,2019-05-21,0.075825
AOI-0061,2019-05-25,0.392723
AOI-0061,2019-06-27,0.075327
AOI-0061,2019-07-12,0.480965
AOI-0061,2019-08-21,0.113702
AOI-0061,2019-09-14,0.196488
AOI-0061,2019-09-23,0.025167
AOI-0061,2019-10-18,0.042328
AOI-0061,2019-10-20,0.045405
AOI-0061,2020-04-17,0.079007
AOI-0061,2020-05-24,0.531248
AOI-0061,2020-07-16,0.033199
AOI-0061,2020-07-19,0.053702
AOI-0061,2020-07-24,0.061915
AOI-0061,2020-07-27,0.256255
AOI-0061,2020-08-08,0.055501
AOI-0061,2020-08-17,0.056506
AOI-0061,2020-08-18,0.055649
AOI-0061,2020-08-23,0.027563
AOI-0061,2020-09-18,0.01468
AOI-0061,2020-10-17,0.012048
AOI-0061,2020-10-29,0.010946
AOI-0061,2021-05-05,0.075749
AOI-0061,2021-05-08,0.077743
AOI-0061,2021-05-15,0.127222
AOI-0061,2021-07-21,0.011028
AOI-0061,2021-07-24,0.031012
AOI-0061,2021-08-04,0.028311
AOI-0061,2021-08-28,0.100972
AOI-0061,2021-08-29,0.290118
AOI-0061,2021-10-29,0.018211
AOI-0061,2022-04-09,0.022122
AOI-0061,2022-05-09,0.328157
AOI-0061,2022-05-22,0.060631
AOI-0061,2022-05-25,0.347847
AOI-0061,2022-05-27,0.054708
AOI-0061,2022-06-12,0.154485
AOI-0061,2022-06-29,0.360745
AOI-0061,2022-07-06,0.023446
AOI-0061,2022-07-21,0.062883
AOI-0061,2022-07-22,0.037251
AOI-0061,2022-07-28,0.48876
AOI-0061,2022-08-23,0.065454
AOI-0061,2023-04-07,0.671688
AOI-0061,2023-04-25,0.108172
AOI-0061,2023-05-05,0.206792
AOI-0061,2023-05-06,0.181169
AOI-0061,2023-05-17,0.098304
AOI-0061,2023-06-06,0.255391
AOI-0061,2023-06-21,0.126066
AOI-0061,2023-07-17,0.075523
AOI-0061,2023-07-21,0.061438
AOI-0061,2023-07-27,0.07421
AOI-0061,2023-09-24,0.052719
AOI-0061,2023-10-14,0.027397
AOI-0061,2023-10-29,0.006372
AOI-0061,2024-04-29,0.045822
AOI-0061,2024-05-01,0.037419
AOI-0061,2024-05-08,0.512063
AOI-0061,2024-06-20,0.060247
AOI-0061,2024-07-15,0.048523
AOI-0061,2024-08-09,0.0529
AOI-0061,2024-08-12,0.199017
AOI-0061,2024-09-06,0.02629
AOI-0061,2024-09-26,0.048788
AOI-0061,2024-10-07,0.026741
AOI-0061,2025-04-16,0.145889
AOI-0061,2025-04-19,0.12629
AOI-0061,2025-05-28,0.120996
AOI-0061,2025-06-28,0.059854
AOI-0061,2025-07-07,0.07862
AOI-0061,2025-07-10,0.066195
AOI-0061,2025-07-28,0.239411
AOI-0061,2025-08-16,0.019572
AOI-0061,2025-08-29,0.226234
AOI-0061,2025-09-24,0.045243
AOI-0061,2025-09-26,0.026507
AOI-0061,2025-10-16,0.153811
AOI-0062,2010-04-24,0.065789
AOI-0062,2010-05-09,0.623916
AOI-0062,2010-05-26,0.107106
AOI-0062,2010-08-13,0.221371
AOI-0062,2010-10-16,0.223685
AOI-0062,2011-06-14,0.037571
AOI-0062,2011-07-28,0.376549
AOI-0062,2011-10-16,0.320334
AOI-0062,2012-06-09,0.60555
AOI-0062,2012-08-28,0.182127
AOI-0062,2012-09-04,0.031152
AOI-0062,2012-09-13,0.302481
AOI-0062,2013-04-23,0.398391
AOI-0062,2013-07-12,0.373327
AOI-0062,2013-07-28,0.36286
AOI-0062,2013-09-14,0.292162
AOI-0062,2013-10-16,0.176831
AOI-0062,2014-06-30,0.099604
AOI-0062,2014-10-04,0.020069
AOI-0062,2015-04-22,0.0
AOI-0062,2015-05-09,0.583923
AOI-0062,2015-09-05,0.033932
AOI-0062,2015-09-21,0.053221
AOI-0062,2016-05-08,0.583837
AOI-0062,2016-07-11,0.272322
AOI-0062,2016-07-27,0.224702
AOI-0062,2016-09-13,0.257184
AOI-0062,2016-10-25,0.006261
AOI-0062,2017-04-07,0.299671
AOI-0062,2017-07-28,0.379515
AOI-0062,2017-09-15,0.008581
AOI-0062,2018-04-06,0.040278
AOI-0062,2018-04-07,0.516658
AOI-0062,2018-06-02,0.0
AOI-0062,2018-06-25,0.022909
AOI-0062,2018-07-28,0.2204
AOI-0062,2018-08-28,0.041261
AOI-0062,2019-04-08,0.026332
AOI-0062,2019-04-11,0.022776
AOI-0062,2019-06-17,0.031023
AOI-0062,2019-07-06,0.033212
AOI-0062,2019-08-09,0.125772
AOI-0062,2019-08-23,0.032562
AOI-0062,2019-09-23,0.033625
AOI-0062,2019-10-18,0.012643
AOI-0062,2019-10-23,0.004613
AOI-0062,2019-10-28,0.013272
AOI-0062,2020-04-30,0.067498
AOI-0062,2020-05-30,0.093911
AOI-0062,2020-06-16,0.114893
AOI-0062,2020-07-26,0.019409
AOI-0062,2020-08-18,0.03157
AOI-0062,2020-08-20,0.047065
AOI-0062,2020-08-23,0.04244
AOI-0062,2020-08-25,0.026154
AOI-0062,2020-09-07,0.016799
AOI-0062,2020-09-09,0.014762
AOI-0062,2020-10-07,0.025847
AOI-0062,2020-10-15,0.090434
AOI-0062,2021-04-23,0.345202
AOI-0062,2021-05-05,0.06137
AOI-0062,2021-05-08,0.018901
AOI-0062,2021-05-12,0.044031
AOI-0062,2021-06-06,0.066467
AOI-0062,2021-06-10,0.290464
AOI-0062,2021-07-01,0.048959
AOI-0062,2021-07-26,0.062016
AOI-0062,2021-07-29,0.054767
AOI-0062,2021-09-12,0.012839
AOI-0062,2021-09-13,0.023855
AOI-0062,2021-09-19,0.013629
AOI-0062,2021-09-27,0.024044
AOI-0062,2021-09-29,0.032782
AOI-0062,2021-10-07,0.03328
AOI-0062,2021-10-16,0.135428
AOI-0062,2022-04-10,0.036731
AOI-0062,2022-04-27,0.07926
AOI-0062,2022-05-11,0.0
AOI-0062,2022-05-25,0.622712
AOI-0062,2022-07-21,0.011286
AOI-0062,2022-07-24,0.014383
AOI-0062,2022-08-23,0.022815
AOI-0062,2022-09-14,0.201704
AOI-0062,2022-09-18,0.016215
AOI-0062,2022-09-30,0.18483
AOI-0062,2022-10-19,0.005217
AOI-0062,2023-05-17,0.029553
AOI-0062,2023-06-18,0.081512
AOI-0062,2023-06-24,0.098847
AOI-0062,2023-07-14,0.067853
AOI-0062,2023-08-05,0.03405
AOI-0062,2023-08-25,0.023798
AOI-0062,2023-09-17,0.018151
AOI-0062,2023-10-12,0.02289
AOI-0062,2023-10-16,0.132287
AOI-0062,2024-04-22,0.65407
AOI-0062,2024-06-03,0.098157
AOI-0062,2024-06-08,0.123158
AOI-0062,2024-06-23,0.042686
AOI-0062,2024-07-30,0.023018
AOI-0062,2024-08-04,0.019005
AOI-0062,2024-08-12,0.17867
AOI-0062,2024-09-06,0.023576
AOI-0062,2024-10-26,0.005662
AOI-0062,2025-04-01,0.005838
AOI-0062,2025-04-07,0.319177
AOI-0062,2025-04-11,0.009517
AOI-0062,2025-04-24,0.009437
AOI-0062,2025-04-29,0.00937
AOI-0062,2025-05-28,0.0
AOI-0062,2025-06-28,0.024346
AOI-0062,2025-07-06,0.051569
AOI-0062,2025-07-07,0.0
AOI-0062,2025-07-15,0.045462
AOI-0062,2025-07-25,0.031238
AOI-0062,2025-08-02,0.024094
AOI-0062,2025-08-17,0.015991
AOI-0062,2025-09-24,0.013996
AOI-0062,2025-09-30,0.228332
AOI-0062,2025-10-08,0.01543
AOI-0062,2025-10-13,0.012699
AOI-0063,2025-04-14,0.175728
AOI-0063,2025-04-19,0.13746
AOI-0063,2025-04-23,0.404541
AOI-0063,2025-04-24,0.149872
AOI-0063,2025-05-06,0.247005
AOI-0063,2025-05-25,0.463498
AOI-0063,2025-06-05,0.515889
AOI-0063,2025-06-25,0.666597
AOI-0063,2025-06-28,0.552714
AOI-0063,2025-06-30,0.617323
AOI-0063,2025-07-06,0.492689
AOI-0063,2025-07-07,0.524181
AOI-0063,2025-07-22,0.506516
AOI-0063,2025-08-23,0.3098
AOI-0063,2025-09-13,0.215957
AOI-0063,2025-09-14,0.397428
AOI-0064,2025-04-14,0.274765
AOI-0064,2025-04-23,0.654412
AOI-0064,2025-04-24,0.358178
AOI-0064,2025-06-03,0.416084
AOI-0064,2025-06-05,0.454302
AOI-0064,2025-06-26,0.631721
AOI-0064,2025-06-27,0.236883
AOI-0064,2025-06-28,0.239544
AOI-0064,2025-07-10,0.145779
AOI-0064,2025-08-12,0.152428
AOI-0064,2025-08-19,0.156618
AOI-0064,2025-08-27,0.147824
AOI-0064,2025-08-31,0.143043
AOI-0064,2025-09-13,0.164103
AOI-0064,2025-10-06,0.121576
AOI-0064,2025-10-13,0.129697
AOI-0065,2025-04-19,0.275287
AOI-0065,2025-05-01,0.327173
AOI-0065,2025-06-04,0.377155
AOI-0065,2025-06-05,0.381612
AOI-0065,2025-06-08,0.399717
AOI-0065,2025-06-26,0.838219
AOI-0065,2025-07-15,0.389039
AOI-0065,2025-07-18,0.318534
AOI-0065,2025-08-07,0.15499
AOI-0065,2025-08-17,0.157521
AOI-0065,2025-09-14,0.290486
AOI-0065,2025-09-25,0.151501
AOI-0065,2025-09-30,0.330294
AOI-0065,2025-10-08,0.165991
AOI-0066,2025-06-05,0.304004
AOI-0066,2025-07-05,0.500183
AOI-0066,2025-07-15,0.364251
AOI-0066,2025-07-25,0.417767
AOI-0066,2025-07-27,0.35787
AOI-0066,2025-08-14,0.157018
AOI-0066,2025-09-01,0.081432
AOI-0067,2010-04-25,0.036266
AOI-0067,2010-06-20,0.032268
AOI-0067,2010-06-26,0.187162
AOI-0067,2010-07-13,0.008233
AOI-0067,2010-07-21,0.016638
AOI-0067,2010-08-06,0.02184
AOI-0067,2010-08-07,0.014329
AOI-0067,2010-08-15,0.011044
AOI-0067,2010-09-23,0.008793
AOI-0067,2010-10-09,0.006984
AOI-0067,2011-05-09,0.303437
AOI-0067,2011-05-14,0.0
AOI-0067,2011-09-03,0.036476
AOI-0067,2011-09-19,0.010301
AOI-0067,2012-05-08,0.382324
AOI-0067,2012-06-09,0.431487
AOI-0067,2012-07-27,0.201021
AOI-0067,2012-09-29,0.195079
AOI-0067,2013-07-30,0.028454
AOI-0067,2013-08-29,0.170335
AOI-0067,2014-05-21,0.024381
AOI-0067,2014-05-25,0.295076
AOI-0067,2014-06-06,0.018845
AOI-0067,2014-06-07,0.030566
AOI-0067,2014-07-01,0.007766
AOI-0067,2014-07-16,0.037343
AOI-0067,2014-07-17,0.01736
AOI-0067,2014-09-14,0.19633
AOI-0067,2014-10-12,0.004072
AOI-0067,2015-04-15,0.028486
AOI-0067,2015-05-09,0.267749
AOI-0067,2015-06-02,0.047407
AOI-0067,2015-06-18,0.021337
AOI-0067,2015-07-12,0.350781
AOI-0067,2015-07-20,0.037585
AOI-0067,2015-08-29,0.239969
AOI-0067,2015-09-14,0.309373
AOI-0067,2015-09-29,0.02734
AOI-0067,2016-05-03,0.002181
AOI-0067,2016-05-10,0.021283
AOI-0067,2016-05-11,0.003612
AOI-0067,2016-06-25,0.198793
AOI-0067,2016-07-14,0.056789
AOI-0067,2016-07-27,0.211798
AOI-0067,2016-09-29,0.191723
AOI-0067,2016-10-25,0.017583
AOI-0067,2017-04-04,0.011922
AOI-0067,2017-04-28,0.05356
AOI-0067,2017-05-05,0.025664
AOI-0067,2017-06-07,0.007012
AOI-0067,2017-07-09,0.010733
AOI-0067,2017-07-25,0.072431
AOI-0067,2017-08-02,0.032581
AOI-0067,2017-08-11,0.021457
AOI-0067,2017-08-13,0.161969
AOI-0067,2017-08-29,0.192606
AOI-0067,2017-09-14,0.309599
AOI-0067,2017-09-20,0.03051
AOI-0067,2018-04-06,0.002895
AOI-0067,2018-04-23,0.292453
AOI-0067,2018-05-25,0.258874
AOI-0067,2018-07-11,5.4e-05
AOI-0067,2018-08-29,0.189969
AOI-0067,2019-05-08,0.0
AOI-0067,2019-05-28,0.12738
AOI-0067,2019-06-12,0.037302
AOI-0067,2019-07-12,0.228401
AOI-0067,2019-07-14,0.027667
AOI-0067,2019-07-28,0.23375
AOI-0067,2019-08-08,0.027197
AOI-0067,2019-08-11,0.020166
AOI-0067,2019-08-29,0.208982
AOI-0067,2019-09-05,0.020984
AOI-0067,2019-09-16,0.015365
AOI-0067,2019-09-24,0.029585
AOI-0067,2019-10-02,0.042491
AOI-0067,2019-10-03,0.026181
AOI-0067,2019-10-15,0.024583
AOI-0067,2020-04-22,0.258034
AOI-0067,2020-04-27,0.020873
AOI-0067,2020-05-02,0.008897
AOI-0067,2020-05-08,0.267938
AOI-0067,2020-07-06,0.034783
AOI-0067,2020-07-25,0.072916
AOI-0067,2020-07-26,0.05184
AOI-0067,2020-07-27,0.347034
AOI-0067,2020-08-25,0.045667
AOI-0067,2020-10-15,0.171852
AOI-0067,2021-05-16,0.012497
AOI-0067,2021-06-06,0.10094
AOI-0067,2021-06-16,0.082192
AOI-0067,2021-06-18,0.034421
AOI-0067,2021-07-04,0.085644
AOI-0067,2021-08-30,0.031815
AOI-0067,2021-09-09,0.02316
AOI-0067,2021-10-09,0.027313
AOI-0067,2022-04-02,0.003369
AOI-0067,2022-04-23,0.266764
AOI-0067,2022-04-26,0.018966
AOI-0067,2022-06-01,0.005107
AOI-0067,2022-07-01,0.045959
AOI-0067,2022-08-23,0.038107
AOI-0067,2022-08-24,0.091195
AOI-0067,2022-08-29,0.225344
AOI-0067,2022-09-01,0.035312
AOI-0067,2022-09-25,0.02166
AOI-0067,2022-10-09,0.050967
AOI-0067,2022-10-14,0.021914
AOI-0067,2023-04-23,0.273701
AOI-0067,2023-05-31,0.025067
AOI-0067,2023-06-30,0.077303
AOI-0067,2023-07-12,0.440603
AOI-0067,2023-07-21,0.007713
AOI-0067,2023-07-27,0.0924
AOI-0067,2023-08-26,0.029104
AOI-0067,2023-09-24,0.048621
AOI-0067,2023-09-27,0.073641
AOI-0067,2023-10-05,0.019314
AOI-0067,2023-10-13,0.020538
AOI-0067,2024-04-01,0.015472
AOI-0067,2024-04-11,0.009891
AOI-0067,2024-05-09,0.030521
AOI-0067,2024-05-24,0.448865
AOI-0067,2024-07-05,0.026119
AOI-0067,2024-07-10,0.03358
AOI-0067,2024-08-29,0.0307
AOI-0067,2024-09-06,0.014472
AOI-0067,2024-09-23,0.02417
AOI-0067,2025-04-17,0.005701
AOI-0067,2025-04-23,0.260171
AOI-0067,2025-04-28,0.015093
AOI-0067,2025-06-05,0.017066
AOI-0067,2025-06-21,0.034163
AOI-0067,2025-06-26,0.225385
AOI-0067,2025-07-05,0.077436
AOI-0067,2025-07-14,0.071045
AOI-0067,2025-07-15,0.045476
AOI-0067,2025-08-06,0.080689
AOI-0067,2025-09-01,0.033511
AOI-0067,2025-09-23,0.021651
AOI-0067,2025-10-03,0.024849
AOI-0068,2010-04-16,0.142805
AOI-0068,2010-05-02,0.145709
AOI-0068,2010-05-09,0.461482
AOI-0068,2010-06-20,0.127291
AOI-0068,2010-07-13,0.177267
AOI-0068,2010-07-14,0.139038
AOI-0068,2010-07-28,0.310943
AOI-0068,2010-08-07,0.126335
AOI-0068,2010-08-29,0.275544
AOI-0068,2011-04-07,0.483449
AOI-0068,2011-05-30,0.216283
AOI-0068,2011-06-15,0.1805
AOI-0068,2011-06-23,0.167226
AOI-0068,2011-07-16,0.147689
AOI-0068,2011-08-09,0.180378
AOI-0068,2011-09-03,0.146355
AOI-0068,2012-07-27,0.325958
AOI-0068,2012-08-03,0.226005
AOI-0068,2012-10-22,0.12885
AOI-0068,2013-06-19,0.163734
AOI-0068,2013-06-27,0.140436
AOI-0068,2013-07-28,0.303274
AOI-0068,2014-04-27,0.246677
AOI-0068,2014-07-28,0.30692
AOI-0068,2014-08-17,0.161025
AOI-0068,2014-08-25,0.198078
AOI-0068,2014-10-05,0.162253
AOI-0068,2014-10-16,0.268639
AOI-0068,2014-10-29,0.156471
AOI-0068,2015-06-09,0.229509
AOI-0068,2015-07-27,0.226247
AOI-0068,2015-08-04,0.207131
AOI-0068,2016-05-02,0.211678
AOI-0068,2016-05-11,0.203585
AOI-0068,2016-07-14,0.226571
AOI-0068,2016-08-28,0.329071
AOI-0068,2016-09-13,0.349699
AOI-0068,2016-09-29,0.430148
AOI-0068,2017-05-14,0.302471
AOI-0068,2017-06-10,0.675999
AOI-0068,2017-06-22,0.272416
AOI-0068,2017-06-27,0.203629
AOI-0068,2017-07-12,0.335924
AOI-0068,2017-08-02,0.134742
AOI-0068,2017-08-11,0.136177
AOI-0068,2017-08-13,0.275051
AOI-0068,2017-09-02,0.159287
AOI-0068,2017-09-03,0.155394
AOI-0068,2018-04-28,0.158312
AOI-0068,2018-05-09,0.352736
AOI-0068,2018-06-07,0.142277
AOI-0068,2018-07-11,0.137912
AOI-0068,2018-08-28,0.178669
AOI-0068,2018-09-06,0.141096
AOI-0068,2018-09-21,0.148925
AOI-0068,2019-05-25,0.785582
AOI-0068,2019-05-28,0.461753
AOI-0068,2019-06-28,0.177058
AOI-0068,2019-08-07,0.15312
AOI-0068,2019-09-01,0.143939
AOI-0068,2019-09-05,0.147755
AOI-0068,2019-09-15,0.167924
AOI-0068,2019-09-24,0.154316
AOI-0068,2019-09-25,0.175802
AOI-0068,2019-09-30,0.327056
AOI-0068,2019-10-02,0.163229
AOI-0068,2019-10-25,0.244275
AOI-0068,2020-04-02,0.197274
AOI-0068,2020-04-06,0.539728
AOI-0068,2020-04-12,0.148638
AOI-0068,2020-04-19,0.171971
AOI-0068,2020-06-26,0.171885
AOI-0068,2020-07-27,0.281094
AOI-0068,2020-07-31,0.156559
AOI-0068,2020-09-03,0.149393
AOI-0068,2020-10-05,0.150928
AOI-0068,2020-10-20,0.134525
AOI-0068,2021-05-01,0.161653
AOI-0068,2021-05-16,0.306481
AOI-0068,2021-06-11,0.446103
AOI-0068,2021-06-16,0.450013
AOI-0068,2021-07-19,0.184161
AOI-0068,2021-07-31,0.183726
AOI-0068,2021-09-30,0.508467
AOI-0068,2022-04-02,0.193532
AOI-0068,2022-04-12,0.183643
AOI-0068,2022-04-23,0.558292
AOI-0068,2022-05-12,0.409383
AOI-0068,2022-05-27,0.394525
AOI-0068,2022-06-08,0.250237
AOI-0068,2022-06-20,0.148202
AOI-0068,2022-07-01,0.147358
AOI-0068,2022-07-14,0.157355
AOI-0068,2022-07-30,0.143316
AOI-0068,2022-08-15,0.153253
AOI-0068,2023-04-03,0.381154
AOI-0068,2023-04-17,0.250056
AOI-0068,2023-05-09,0.865861
AOI-0068,2023-06-06,0.464286
AOI-0068,2023-06-30,0.161517
AOI-0068,2023-07-05,0.166935
AOI-0068,2023-08-03,0.169175
AOI-0068,2023-08-13,0.305731
AOI-0068,2023-09-03,0.253288
AOI-0068,2023-09-24,0.271315
AOI-0068,2023-10-06,0.227558
AOI-0068,2023-10-11,0.212093
AOI-0068,2024-05-01,0.175312
AOI-0068,2024-05-09,0.144488
AOI-0068,2024-06-15,0.149381
AOI-0068,2024-08-05,0.134486
AOI-0068,2024-08-09,0.148729
AOI-0068,2024-08-19,0.160627
AOI-0068,2024-08-28,0.289059
AOI-0068,2024-09-08,0.150523
AOI-0068,2024-09-14,0.134912
AOI-0068,2024-09-29,0.262142
AOI-0068,2024-10-13,0.134454
AOI-0068,2025-05-08,0.358313
AOI-0068,2025-05-11,0.41322
AOI-0068,2025-05-20,0.394437
AOI-0068,2025-06-10,0.754996
AOI-0068,2025-06-15,0.323015
AOI-0068,2025-06-17,0.357346
AOI-0068,2025-06-30,0.178417
AOI-0068,2025-07-22,0.145711
AOI-0068,2025-07-28,0.305752
AOI-0068,2025-08-13,0.309772
AOI-0068,2025-08-14,0.22313
AOI-0068,2025-08-23,0.177948
AOI-0068,2025-08-24,0.178917
AOI-0068,2025-09-08,0.142224
AOI-0068,2025-09-14,0.307853
AOI-0068,2025-09-24,0.162553
AOI-0069,2025-04-16,0.240281
AOI-0069,2025-04-21,0.249252
AOI-0069,2025-04-23,0.371053
AOI-0069,2025-05-01,0.289374
AOI-0069,2025-05-11,0.347776
AOI-0069,2025-05-25,0.593636
AOI-0069,2025-05-28,0.43182
AOI-0069,2025-06-10,0.625442
AOI-0069,2025-06-25,0.293904
AOI-0069,2025-06-26,0.444376
AOI-0069,2025-07-05,0.259517
AOI-0069,2025-07-06,0.28502
AOI-0069,2025-07-22,0.241081
AOI-0069,2025-08-07,0.244433
AOI-0069,2025-08-14,0.259467
AOI-0069,2025-09-01,0.237085
AOI-0069,2025-09-14,0.312362
AOI-0069,2025-09-24,0.222892
AOI-0069,2025-09-25,0.222022
AOI-0069,2025-09-28,0.238162
AOI-0070,2025-05-11,0.332313
AOI-0070,2025-05-25,0.494423
AOI-0070,2025-06-07,0.27849
AOI-0070,2025-06-10,0.453849
AOI-0070,2025-06-25,0.247006
AOI-0070,2025-07-12,0.41733
AOI-0070,2025-08-24,0.229192
AOI-0070,2025-08-31,0.228884
AOI-0070,2025-09-25,0.230669
AOI-0070,2025-10-02,0.271987
AOI-0070,2025-10-13,0.22777
AOI-0070,2025-10-23,0.273603
AOI-0071,2025-04-16,0.348811
AOI-0071,2025-04-18,0.362843
AOI-0071,2025-04-21,0.405912
AOI-0071,2025-05-25,0.503257
AOI-0071,2025-06-26,0.682126
AOI-0071,2025-07-06,0.493925
AOI-0071,2025-07-07,0.507089
AOI-0071,2025-07-12,0.735647
AOI-0071,2025-08-13,0.561296
AOI-0071,2025-08-23,0.366638
AOI-0071,2025-08-24,0.361279
AOI-0071,2025-08-26,0.366848
AOI-0071,2025-08-29,0.496447
AOI-0071,2025-09-01,0.356856
AOI-0071,2025-09-15,0.324396
AOI-0071,2025-09-28,0.325982
AOI-0072,2025-05-08,0.331112
AOI-0072,2025-06-04,0.314211
AOI-0072,2025-07-05,0.083996
AOI-0072,2025-07-06,0.118401
AOI-0072,2025-07-14,0.094693
AOI-0072,2025-07-17,0.069752
AOI-0072,2025-08-07,0.064046
AOI-0072,2025-08-19,0.080068
AOI-0072,2025-08-29,0.244617
AOI-0072,2025-09-03,0.080373
AOI-0072,2025-09-15,0.070147
AOI-0072,2025-09-16,0.07592
AOI-0072,2025-09-30,0.218144
AOI-0072,2025-10-03,0.07753
AOI-0072,2025-10-13,0.074234
AOI-0073,2010-06-26,0.47569
AOI-0073,2010-07-12,0.402421
AOI-0073,2011-04-07,0.246063
AOI-0073,2011-07-14,0.026718
AOI-0073,2011-09-14,0.32242
AOI-0073,2012-04-22,0.45978
AOI-0073,2012-04-27,0.050669
AOI-0073,2012-05-24,0.485798
AOI-0073,2012-09-29,0.287116
AOI-0073,2013-04-03,0.001184
AOI-0073,2013-06-10,0.428975
AOI-0073,2013-06-25,0.063799
AOI-0073,2013-07-12,0.441443
AOI-0073,2013-07-28,0.302976
AOI-0073,2013-09-30,0.424486
AOI-0073,2014-05-27,0.045273
AOI-0073,2014-07-12,0.313563
AOI-0073,2014-07-30,0.07376
AOI-0073,2014-08-13,0.187766
AOI-0073,2014-09-14,0.325669
AOI-0073,2014-10-10,0.018034
AOI-0073,2015-05-22,0.058629
AOI-0073,2015-05-30,0.054367
AOI-0073,2015-06-10,0.410662
AOI-0073,2015-06-15,0.084149
AOI-0073,2015-07-01,0.031428
AOI-0073,2015-07-09,0.0
AOI-0073,2015-08-26,0.021234
AOI-0073,2015-10-05,0.027473
AOI-0073,2016-04-06,0.42029
AOI-0073,2017-04-23,0.365736
AOI-0073,2017-06-04,0.056214
AOI-0073,2017-06-12,0.023619
AOI-0073,2017-07-06,0.03245
AOI-0073,2017-07-18,0.004972
AOI-0073,2017-08-07,0.06745
AOI-0073,2017-08-12,0.074906
AOI-0073,2017-10-11,0.030568
AOI-0073,2017-10-16,0.051763
AOI-0073,2018-04-16,0.011487
AOI-0073,2019-05-17,0.009602
AOI-0073,2019-05-19,0.020605
AOI-0073,2019-06-03,0.017061
AOI-0073,2019-07-13,0.007598
AOI-0073,2019-08-07,0.033728
AOI-0073,2019-08-12,0.061228
AOI-0073,2019-09-06,0.032019
AOI-0073,2019-09-11,0.041089
AOI-0073,2019-09-15,0.02395
AOI-0073,2019-09-16,0.024095
AOI-0073,2019-09-28,0.031919
AOI-0073,2019-10-16,0.119077
AOI-0073,2019-10-26,0.011015
AOI-0073,2020-04-05,0.013958
AOI-0073,2020-04-15,0.013555
AOI-0073,2020-04-22,0.279533
AOI-0073,2020-05-18,0.029704
AOI-0073,2020-07-04,0.038636
AOI-0073,2020-07-06,0.026533
AOI-0073,2020-07-24,0.019517
AOI-0073,2020-07-29,0.016129
AOI-0073,2020-08-12,0.167443
AOI-0073,2020-09-01,0.016782
AOI-0073,2020-09-20,0.01312
AOI-0073,2020-10-20,0.008898
AOI-0073,2020-10-26,0.009258
AOI-0073,2021-05-06,0.030603
AOI-0073,2021-05-13,0.017183
AOI-0073,2021-05-15,0.025797
AOI-0073,2021-06-29,0.01088
AOI-0073,2021-07-25,0.132718
AOI-0073,2021-08-02,0.022847
AOI-0073,2021-09-07,0.024758
AOI-0073,2021-09-14,0.272319
AOI-0073,2021-09-15,0.035075
AOI-0073,2022-04-23,0.307478
AOI-0073,2022-04-25,0.010025
AOI-0073,2022-06-04,0.012881
AOI-0073,2022-06-07,0.025089
AOI-0073,2022-06-09,0.059676
AOI-0073,2022-06-14,0.023543
AOI-0073,2022-07-05,0.023766
AOI-0073,2022-07-07,0.0
AOI-0073,2022-09-10,0.048379
AOI-0073,2022-09-30,0.245681
AOI-0073,2023-04-02,0.027487
AOI-0073,2023-04-28,0.010715
AOI-0073,2023-05-03,0.019497
AOI-0073,2023-05-05,0.078429
AOI-0073,2023-05-13,0.010309
AOI-0073,2023-06-04,0.035721
AOI-0073,2023-06-07,0.025722
AOI-0073,2023-07-25,0.023806
AOI-0073,2023-07-31,0.057235
AOI-0073,2023-08-06,0.01894
AOI-0073,2023-08-16,0.021966
AOI-0073,2023-08-28,0.06784
AOI-0073,2023-09-07,0.019548
AOI-0073,2023-09-12,0.02468
AOI-0073,2023-09-29,0.078488
AOI-0073,2023-10-11,0.030905
AOI-0073,2023-10-15,0.037265
AOI-0073,2024-04-14,0.047635
AOI-0073,2024-04-20,0.016243
AOI-0073,2024-05-06,0.032793
AOI-0073,2024-05-07,0.01265
AOI-0073,2024-06-23,0.046053
AOI-0073,2024-07-03,0.041283
AOI-0073,2024-07-11,0.296427
AOI-0073,2024-07-13,0.055122
AOI-0073,2024-07-21,0.019782
AOI-0073,2024-07-25,0.02332
AOI-0073,2024-08-12,0.17075
AOI-0073,2024-08-28,0.176667
AOI-0073,2024-09-01,0.020631
AOI-0073,2024-09-13,0.205281
AOI-0073,2024-09-29,0.212286
AOI-0073,2025-04-07,0.184883
AOI-0073,2025-04-15,0.011196
AOI-0073,2025-04-19,0.006704
AOI-0073,2025-04-22,0.005471
AOI-0073,2025-04-23,0.278795
AOI-0073,2025-04-29,0.010426
AOI-0073,2025-05-11,0.012864
AOI-0073,2025-05-22,0.030433
AOI-0073,2025-05-29,0.012658
AOI-0073,2025-06-03,0.00905
AOI-0073,2025-06-30,0.150428
AOI-0073,2025-07-06,0.057437
AOI-0073,2025-07-08,0.0
AOI-0073,2025-07-28,0.411312
AOI-0073,2025-08-05,0.086065
AOI-0073,2025-08-07,0.071536
AOI-0073,2025-08-22,0.025005
AOI-0073,2025-08-27,0.044149
AOI-0073,2025-09-22,0.010285
AOI-0074,2010-07-12,0.437501
AOI-0074,2010-08-29,0.368626
AOI-0074,2011-05-27,0.197476
AOI-0074,2011-06-20,0.333917
AOI-0074,2011-06-26,0.787859
AOI-0074,2011-07-06,0.337986
AOI-0074,2011-09-24,0.194574
AOI-0074,2013-06-25,0.198735
AOI-0074,2013-07-03,0.201143
AOI-0074,2013-07-11,0.198867
AOI-0074,2013-08-13,0.3829
AOI-0074,2014-07-14,0.505405
AOI-0074,2014-07-28,0.680753
AOI-0074,2014-09-14,0.431888
AOI-0074,2014-10-16,0.307913
AOI-0074,2015-04-23,0.507152
AOI-0074,2015-04-28,0.152224
AOI-0074,2015-07-25,0.456631
AOI-0074,2015-10-16,0.294662
AOI-0074,2015-10-29,0.132216
AOI-0074,2016-08-12,0.42264
AOI-0074,2016-08-20,0.210738
AOI-0074,2017-04-23,0.518809
AOI-0074,2017-05-04,0.155682
AOI-0074,2017-05-06,0.179705
AOI-0074,2017-06-04,0.252034
AOI-0074,2017-06-05,0.236244
AOI-0074,2017-06-10,0.535409
AOI-0074,2017-06-20,0.41278
AOI-0074,2017-06-26,0.652068
AOI-0074,2017-07-18,0.344859
AOI-0074,2017-08-07,0.36128
AOI-0074,2017-08-17,0.263414
AOI-0074,2017-09-16,0.165471
AOI-0074,2017-10-11,0.16823
AOI-0074,2017-10-16,0.174663
AOI-0074,2018-04-04,0.122858
AOI-0074,2018-04-23,0.415792
AOI-0074,2018-05-06,0.171193
AOI-0074,2018-05-11,0.216567
AOI-0074,2018-05-22,0.197231
AOI-0074,2018-05-26,0.240533
AOI-0074,2018-05-30,0.218687
AOI-0074,2018-07-13,0.383936
AOI-0074,2018-08-18,0.430713
AOI-0074,2018-09-14,0.372873
AOI-0074,2018-09-19,0.170939
AOI-0074,2018-09-30,0.360872
AOI-0074,2019-04-23,0.358319
AOI-0074,2019-05-04,0.133131
AOI-0074,2019-05-14,0.134081
AOI-0074,2019-05-16,0.151189
AOI-0074,2019-05-31,0.285527
AOI-0074,2019-06-13,0.332612
AOI-0074,2019-07-13,0.281713
AOI-0074,2019-08-05,0.34978
AOI-0074,2019-08-09,0.262636
AOI-0074,2019-09-14,0.286119
AOI-0074,2020-04-09,0.09699
AOI-0074,2020-07-06,0.123457
AOI-0074,2020-07-22,0.098941
AOI-0074,2020-08-07,0.125612
AOI-0074,2020-08-26,0.106493
AOI-0074,2020-09-07,0.110357
AOI-0074,2020-09-08,0.106395
AOI-0074,2020-09-12,0.121188
AOI-0074,2020-10-07,0.10036
AOI-0074,2020-10-12,0.08381
AOI-0074,2020-10-18,0.080937
AOI-0074,2020-10-22,0.073636
AOI-0074,2021-04-25,0.114229
AOI-0074,2021-06-23,0.248728
AOI-0074,2021-06-27,0.247618
AOI-0074,2021-07-17,0.363622
AOI-0074,2021-08-03,0.330168
AOI-0074,2021-08-06,0.340475
AOI-0074,2021-08-19,0.200431
AOI-0074,2021-09-03,0.121406
AOI-0074,2021-10-06,0.089741
AOI-0074,2021-10-17,0.079605
AOI-0074,2021-10-20,0.073369
AOI-0074,2021-10-27,0.079422
AOI-0074,2022-05-30,0.107647
AOI-0074,2022-07-12,0.713598
AOI-0074,2022-08-29,0.43444
AOI-0074,2022-10-16,0.173166
AOI-0074,2023-04-28,0.129987
AOI-0074,2023-05-30,0.171747
AOI-0074,2023-06-09,0.361008
AOI-0074,2023-06-19,0.259365
AOI-0074,2023-07-14,0.151264
AOI-0074,2023-08-16,0.107645
AOI-0074,2023-09-14,0.271214
AOI-0074,2023-10-11,0.087152
AOI-0074,2024-04-17,0.195545
AOI-0074,2024-05-08,0.788698
AOI-0074,2024-05-09,0.375557
AOI-0074,2024-06-06,0.260669
AOI-0074,2024-07-08,0.108121
AOI-0074,2024-07-18,0.125686
AOI-0074,2024-07-27,0.292878
AOI-0074,2024-08-12,0.253009
AOI-0074,2024-08-28,0.268943
AOI-0074,2024-09-04,0.1016
AOI-0074,2024-09-09,0.108293
AOI-0074,2025-04-07,0.264449
AOI-0074,2025-04-15,0.092436
AOI-0074,2025-05-12,0.097308
AOI-0074,2025-05-14,0.11395
AOI-0074,2025-06-01,0.110788
AOI-0074,2025-06-10,0.503896
AOI-0074,2025-07-06,0.303179
AOI-0074,2025-07-16,0.304992
AOI-0074,2025-08-05,0.346328
AOI-0074,2025-08-19,0.217375
AOI-0074,2025-09-08,0.10946
AOI-0074,2025-09-22,0.101938
AOI-0074,2025-10-01,0.088977
AOI-0074,2025-10-26,0.060626
AOI-0075,2025-04-07,0.281281
AOI-0075,2025-04-12,0.147194
AOI-0075,2025-07-12,0.759142
AOI-0075,2025-07-18,0.4705
AOI-0075,2025-08-21,0.397681
AOI-0075,2025-08-30,0.315807
AOI-0075,2025-09-08,0.395766
AOI-0075,2025-09-16,0.256054
AOI-0075,2025-09-21,0.203706
AOI-0075,2025-10-29,0.256425
AOI-0076,2025-04-19,0.145154
AOI-0076,2025-05-01,0.158312
AOI-0076,2025-05-11,0.213667
AOI-0076,2025-05-25,0.440344
AOI-0076,2025-07-10,0.370395
AOI-0076,2025-07-31,0.361395
AOI-0076,2025-08-21,0.274879
AOI-0076,2025-08-27,0.228332
AOI-0076,2025-09-01,0.181366
AOI-0076,2025-09-21,0.179812
AOI-0076,2025-09-22,0.164564
AOI-0076,2025-10-01,0.153538
AOI-0076,2025-10-04,0.156622
AOI-0077,2025-05-09,0.886039
AOI-0077,2025-06-06,0.351653
AOI-0077,2025-06-21,0.243825
AOI-0077,2025-07-12,0.259295
AOI-0077,2025-08-22,0.077288
AOI-0077,2025-08-27,0.081134
AOI-0077,2025-08-30,0.071514
AOI-0077,2025-09-11,0.088509
AOI-0077,2025-09-22,0.073412
AOI-0078,2025-05-02,0.287681
AOI-0078,2025-05-25,0.692608
AOI-0078,2025-06-01,0.354207
AOI-0078,2025-06-03,0.313963
AOI-0078,2025-06-06,0.378534
AOI-0078,2025-06-10,0.762025
AOI-0078,2025-07-04,0.111311
AOI-0078,2025-07-10,0.080139
AOI-0078,2025-07-11,0.084988
AOI-0078,2025-07-13,0.072571
AOI-0078,2025-08-10,0.087298
AOI-0078,2025-08-15,0.091881
AOI-0078,2025-09-08,0.074096
AOI-0078,2025-10-04,0.079707
